index,lensed,completed,z_lens,z_source,theta_E_arcsec,sigma_v_kms,sigma_v_F115W_kms,sigma_v_F150W_kms,sigma_v_F277W_kms,einstein_mass_msun,lens_mag_F115W_ab,lens_mag_F150W_ab,lens_mag_F277W_ab
0,0,1,0.84,2.57143,0,149.087,147.408,149.087,162.511,0,23.3153,22.838,22.1482
1,0,1,0.640675,2.84615,0,188.241,nan,nan,nan,0,19.6929,19.2562,18.6956
2,0,1,0.44,3.16667,0,94.1347,102.844,94.1347,89.7912,0,23.1806,23.1368,23.0266
3,0,1,0.29,2.33333,0,126.303,132.145,126.303,115.63,0,21.0353,20.8036,20.8716
4,0,1,1.07,1.94118,0,145.898,143.989,145.898,163.32,0,24.0639,23.5786,22.7733
5,0,1,1.71,1.5,0,215.966,215.966,207.34,227.473,0,23.5567,23.3057,22.5878
6,0,1,1.67,1.22222,0,211.232,229.495,210.716,211.232,0,23.2298,23.1725,22.8465
7,0,1,0.490843,3.16667,0,131.725,nan,nan,nan,0,19.4562,18.8868,18.1561
8,0,1,0.9,1.08333,0,158.85,167.617,158.041,158.85,0,22.9414,22.7688,22.4312
9,0,1,0.243997,1.5641,0,196.269,nan,nan,nan,0,18.1146,17.7083,17.8115
10,0,1,0.44,1.22222,0,92.0155,97.0521,92.0155,90.0367,0,23.4323,23.2357,23.0147
11,0,1,0.76,2.7037,0,120.298,120.298,116.938,123.404,0,23.9316,23.6265,23.0774
12,0,1,0.67,1.94118,0,125.15,130.876,121.804,125.15,0,23.2316,23.1155,22.6824
13,0,1,1.05,2.7037,0,160.139,160.139,154.693,165.561,0,23.5517,23.2739,22.6636
14,0,1,0.11,1.5641,0,101.167,108.219,101.167,84.6084,0,19.5718,19.4364,19.8973
15,0,1,1.06,2.125,0,161.236,158.811,161.236,186.049,0,23.6133,23.1194,22.1823
16,0,1,0.47,2.33333,0,165.435,169.843,165.435,164.079,0,21.1722,20.8582,20.5786
17,0,1,2.06,1.7027,0,234.158,225.398,234.158,277.147,0,23.8655,23.2719,22.2244
18,0,1,0.41,1.43902,0,95.776,101.568,95.776,91.323,0,23.0535,22.8804,22.7717
19,0,1,0.84,2.7037,0,125.104,133.097,124.706,125.104,0,23.7588,23.6135,23.2843
20,0,1,0.55,1.43902,0,132.84,140.487,132.84,130.587,0,22.4051,22.22,21.9789
21,0,1,0.67,2.57143,0,104.483,106.107,101.053,104.483,0,24.1428,23.9266,23.4663
22,0,1,0.1,1.08333,0,80,78.684,73.134,60.5586,0,20.7348,20.6243,21.1284
23,0,1,0.11,1.32558,0,80,58.3693,54.1607,45.404,0,22.253,22.1499,22.6004
24,0,1,0.32,1.17391,0,101.314,109.277,101.314,90.8051,0,22.1069,22.0074,22.1676
25,0,1,0.25,4,0,80,82.6885,76.5654,70.5256,0,22.7035,22.6095,22.651
26,0,1,1.3,1.08333,0,187.353,192.924,186.401,187.353,0,23.3146,23.0359,22.6984
27,0,1,0.808909,1.7027,0,285.315,nan,nan,nan,0,19.8811,19.4247,18.7504
28,0,1,0.21,1,0,80,69.3109,65.4453,62.6716,0,23.0433,22.8644,22.7371
29,0,1,0.64,3.54545,0,103.234,109.897,100.699,103.234,0,23.8695,23.821,23.3976
30,0,1,0.9,2.22581,0,163.919,175.067,163.919,163.782,0,22.7525,22.6102,22.2984
31,0,1,0.89,1.5641,0,123.165,123.165,112.763,128.176,0,24.2499,24.205,23.3332
32,0,1,0.63,3.16667,0,109.739,111.245,107.566,109.739,0,23.775,23.493,23.0907
33,0,1,0.48,1.32558,0,120.486,123.213,120.486,118.335,0,22.6206,22.2897,22.0525
34,0,1,0.62,1.22222,0,150.055,162.856,150.055,147.555,0,22.0776,22.0051,21.7626
35,0,1,1.77,4,0,209.278,209.278,203.484,211.184,0,23.7851,23.479,23.0023
36,0,1,1.49,2.22581,0,210.307,223.245,209.633,210.307,0,23.0455,22.8906,22.5612
37,0,1,0.44,3.16667,0,94.4208,101.217,94.4208,87.6418,0,23.2498,23.1236,23.1318
38,0,1,0.45,2.44828,0,122.64,129.729,122.64,114.875,0,22.2299,22.0459,22.0146
39,0,1,2.5,1.94118,0,216.347,216.347,214.718,290.12,0,24.5541,24.1588,22.5363
40,0,1,1.69,2.0303,0,191.82,184.702,191.82,245.113,0,24.2046,23.6122,22.2321
41,0,1,0.82,1.5641,0,125.427,135.569,125.427,122.246,0,23.6147,23.5243,23.3205
42,0,1,0.45,1.04082,0,120.821,124.499,120.821,120.425,0,22.4086,22.1108,21.8096
43,0,1,0.31382,2.22581,0,203.51,nan,nan,nan,0,18.8552,18.4503,18.2574
44,0,1,1.55,3.16667,0,180.592,195.349,180.592,179.18,0,23.7306,23.6436,23.3623
45,0,1,0.25,2.125,0,117.1,123.405,117.1,106.728,0,20.9646,20.7643,20.8517
46,0,1,0.78,4,0,131.329,142.458,129.971,131.329,0,23.2664,23.2367,22.8761
47,0,1,0.8,3.34783,0,129.99,140.854,129.648,129.99,0,23.3829,23.3148,22.988
48,0,1,0.43,2.125,0,118.227,123.004,118.227,114.644,0,22.3441,22.088,21.9062
49,0,1,1.67,1.38095,0,216.468,227.864,214.075,216.468,0,23.2608,23.1038,22.7401
50,0,1,0.63,3.16667,0,149.877,155.505,147.331,149.877,0,22.3204,22.1268,21.737
51,0,1,0.22,2.7037,0,114.617,124.654,114.617,94.4549,0,20.6075,20.544,21.0688
52,0,1,0.68,1.38095,0,139.011,139.011,136.25,152.623,0,23.0089,22.6679,21.8597
53,0,1,0.63,1,0,127.292,137.042,127.292,125.619,0,22.8693,22.7617,22.5038
54,0,1,1.92,3.7619,0,235.116,242.65,235.116,233.204,0,23.3587,23.0676,22.7876
55,0,1,1.33,3.34783,0,175.651,177.313,175.603,175.651,0,23.7421,23.3561,23.0395
56,0,1,1.04,1.77778,0,152.937,162.229,152.543,152.937,0,23.4698,23.3091,22.9825
57,0,1,0.63,1.38095,0,132.968,136.984,131.6,132.968,0,22.8711,22.6172,22.2568
58,0,1,0.842398,2.44828,0,255.861,nan,nan,nan,0,19.9214,19.5254,18.8707
59,0,1,0.23,1.04082,0,80,74.841,69.4033,61.6989,0,22.9318,22.8313,23.0269
60,0,1,0.59,1.12766,0,141.589,151.071,141.589,138.742,0,22.2735,22.1269,21.8997
61,0,1,0.91,3,0,150.376,155.914,147.945,150.376,0,23.2852,23.085,22.6988
62,0,1,0.8,1.22222,0,119.982,119.77,119.982,135.718,0,24.0871,23.6513,22.8007
63,0,1,1.93,1.77778,0,223.362,223.37,223.362,221.224,0,23.732,23.3041,23.0305
64,0,1,0.45,3,0,103.453,110.79,103.453,97.9741,0,22.9153,22.7848,22.7057
65,0,1,0.61,2.33333,0,133.627,140.563,133.627,127.568,0,22.6742,22.4659,22.352
66,0,1,0.93,2.84615,0,137.063,147.385,137.063,136.634,0,23.5876,23.4748,23.1731
67,0,1,0.11,2.33333,0,80,66.0226,61.322,50.9406,0,21.718,21.6106,22.1007
68,0,1,1.6,1.7027,0,213.78,199.242,213.78,270.264,0,23.7296,22.9956,21.662
69,0,1,0.67,1.63158,0,129.088,138.901,129.088,125.691,0,22.9732,22.8633,22.6637
70,0,1,0.47,2.84615,0,136.748,139.637,136.748,135.658,0,22.0226,21.6853,21.4047
71,0,1,0.65,2.125,0,128.761,139.155,128.761,125.836,0,22.8852,22.7943,22.5787
72,0,1,0.10545,1.7027,0,121.616,nan,nan,nan,0,17.7439,17.5182,17.8283
73,0,1,0.68,1.77778,0,126.912,123.448,126.912,140.64,0,23.5245,22.9763,22.2148
74,0,1,0.61,1.85714,0,114.281,120.358,114.281,106.581,0,23.3482,23.1451,23.1326
75,0,1,0.45,2.22581,0,93.5527,97.9683,93.5527,89.8416,0,23.4494,23.2216,23.082
76,0,1,0.38,1.7027,0,198.479,203.197,198.479,194.591,0,19.8478,19.5217,19.2922
77,0,1,0.74,1.43902,0,162.019,162.019,156.817,171.864,0,22.5677,22.2813,21.568
78,0,1,1.34,1,0,197.534,207.058,197.534,196.917,0,23.0887,22.8651,22.5633
79,0,1,1.87,1.17391,0,202.743,210.219,202.743,202.015,0,23.9117,23.6409,23.3411
80,0,1,0.5,1.04082,0,136.061,145.941,136.061,134.021,0,21.9913,21.8676,21.6178
81,0,1,2.06,1.5641,0,231.002,227.19,231.002,255.987,0,23.8311,23.3308,22.5694
82,0,1,0.73,3.34783,0,118.257,122.466,117.381,118.257,0,23.7471,23.5032,23.1555
83,0,1,1.31,2.84615,0,172.108,179.903,172.108,167.477,0,23.6386,23.4029,23.206
84,0,1,1.67,3.16667,0,227.035,217.374,227.035,273.451,0,23.4655,22.8485,21.7253
85,0,1,1.51,1.5,0,166.464,154.63,166.464,213.717,0,24.6759,23.9276,22.527
86,0,1,1.16,1.22222,0,163.873,170.802,163.873,162.708,0,23.5385,23.2903,23.0059
87,0,1,1.03,3,0,143.227,144.231,142.67,143.227,0,23.9546,23.5738,23.2415
88,0,1,1.1,1.12766,0,156.465,153.646,156.465,176.575,0,23.856,23.349,22.5085
89,0,1,2.5,1.5,0,245.167,238.745,245.167,261.725,0,24.1262,23.5828,22.9836
90,0,1,1.3,2.84615,0,167.009,162.377,167.009,167.532,0,24.0633,23.513,23.184
91,0,1,0.78,3.34783,0,143.555,156.542,143.555,138.321,0,22.8569,22.8049,22.6508
92,0,1,0.67,2.33333,0,114.447,123.761,114.447,110.757,0,23.4744,23.3861,23.213
93,0,1,0.32,1.94118,0,146.033,153.299,146.033,134.59,0,20.6368,20.4196,20.4585
94,0,1,1.39,2.7037,0,193.281,201.409,193.281,192.926,0,23.3068,23.0576,22.7502
95,0,1,2.05,2.84615,0,187.175,170.151,187.175,257.156,0,25.0738,24.2316,22.5367
96,0,1,0.62,1.7027,0,119.73,127.43,118.57,119.73,0,23.143,23.0278,22.6701
97,0,1,0.6,1.5641,0,138.712,147.558,138.712,135.913,0,22.4198,22.2602,22.0333
98,0,1,0.74,3.54545,0,223.518,223.518,219.16,230.313,0,21.1702,20.8277,20.2967
99,0,1,0.61,1.43902,0,120.245,120.626,116.935,120.245,0,23.3385,23.0454,22.6088
100,0,1,0.77,1.27273,0,157.61,157.61,154.877,167.854,0,22.7931,22.4409,21.7761
101,0,1,1.3,1.7027,0,144.372,144.372,143.137,158.038,0,24.5737,24.1829,23.4374
102,0,1,0.68,2.44828,0,136.576,136.576,133.174,138.774,0,23.0856,22.7671,22.2728
103,0,1,0.24,2.125,0,80,82.741,76.6314,67.236,0,22.6003,22.5054,22.758
104,0,1,0.25,2.57143,0,80,75.8475,70.2673,61.654,0,23.0785,22.9823,23.2348
105,0,1,1.04,1.85714,0,177.704,178.528,167.908,177.704,0,23.054,22.8923,22.3306
106,0,1,0.61,2.84615,0,106.728,106.728,102.211,110.083,0,23.8701,23.6298,22.9922
107,0,1,0.49,3,0,107.461,113.474,107.461,105.91,0,23.0316,22.84,22.5877
108,0,1,0.62,3.34783,0,198.909,198.909,193.346,200.727,0,21.2091,20.9042,20.4261
109,0,1,1.04,2.7037,0,176.65,180.212,171.006,176.65,0,23.0133,22.8129,22.3565
110,0,1,1.79,2.33333,0,194.744,192.22,194.744,203.259,0,24.1843,23.6995,23.1983
111,0,1,0.44,1.5,0,139.509,144.755,139.509,138.411,0,21.696,21.4283,21.1472
112,0,1,0.63,3.7619,0,250.356,250.356,247.723,260.453,0,20.2522,19.8701,19.337
113,0,1,2.33,1.04082,0,203.019,117.321,203.019,233.928,0,27.0265,24.2168,23.286
114,0,1,0.88,1.63158,0,161.119,173.14,160.732,161.119,0,22.7406,22.6355,22.3096
115,0,1,1.68,2.84615,0,192.607,191.423,192.607,198.789,0,24.0335,23.5786,23.126
116,0,1,0.44,2.0303,0,146.022,146.022,144.365,146.575,0,21.6582,21.2797,20.8983
117,0,1,1.06,1.17391,0,172.593,172.593,171.02,180.315,0,23.2518,22.8635,22.3183
118,0,1,1.31,3,0,218.874,218.483,218.874,237.481,0,22.7948,22.359,21.6892
119,0,1,1.28,2.125,0,212.306,210.409,212.306,232.078,0,22.8964,22.4293,21.7272
120,0,1,0.628613,1.04082,0,242.591,nan,nan,nan,0,19.0118,18.6283,18.1443
121,0,1,1.86,1.5641,0,198.929,198.929,198.553,209.53,0,24.1372,23.7174,23.1683
122,0,1,0.35,2.84615,0,120.686,128.26,120.686,110.087,0,21.6372,21.4735,21.5573
123,0,1,0.91,2.0303,0,276.215,274.989,276.215,300.962,0,20.8209,20.3735,19.6855
124,0,1,0.94,2.44828,0,331.878,331.878,330.056,350.781,0,20.0909,19.6867,19.1069
125,0,1,0.59,2.125,0,106.466,106.466,104.163,108.517,0,23.7932,23.4601,22.9669
126,0,1,0.72,1.5641,0,119.835,119.835,115.901,124.948,0,23.8049,23.5217,22.8799
127,0,1,0.48,1.27273,0,98.0599,105.212,98.0599,94.2063,0,23.3065,23.1841,23.0428
128,0,1,1.05,1.38095,0,175.955,182.654,173.708,175.955,0,22.9804,22.7704,22.3992
129,0,1,2.4,1.5641,0,181.473,178.938,181.473,243.332,0,25.2712,24.782,23.1927
130,0,1,0.8,3.16667,0,164.106,167.873,164.106,161.515,0,22.6208,22.2912,22.0449
131,0,1,0.66,1,0,133.203,140.962,133.203,129.123,0,22.8695,22.6873,22.507
132,0,1,1.65,1.43902,0,207.99,228.155,207.99,188.54,0,23.2231,23.1969,23.3079
133,0,1,0.94,3.7619,0,174.811,170.082,174.811,194.677,0,22.9941,22.4469,21.6641
134,0,1,0.49,2.7037,0,104.604,110.8,104.604,103.359,0,23.1352,22.957,22.6936
135,0,1,0.92,1.5641,0,188.805,188.371,188.805,205.388,0,22.4931,22.055,21.374
136,0,1,0.72,1.7027,0,202.946,202.946,194.633,204.394,0,21.5169,21.2705,20.7425
137,0,1,1.52,2.44828,0,190.123,183.998,190.123,218.85,0,23.9384,23.3681,22.4415
138,0,1,0.66,1.08333,0,131.167,138.386,130.85,131.167,0,22.9496,22.7647,22.4388
139,0,1,0.47,3.34783,0,202.304,209.513,202.304,199.385,0,20.2605,19.9845,19.7322
140,0,1,0.61,1.32558,0,122.114,129.231,122.114,120.711,0,23.0392,22.8571,22.592
141,0,1,1.06,2.84615,0,264.784,263.632,264.784,287.745,0,21.4121,20.9651,20.2885
142,0,1,0.43,1.7027,0,97.3106,104.682,97.3106,88.6239,0,23.0445,22.9335,23.0242
143,0,1,2.5,3.34783,0,231.85,211.781,231.85,259.074,0,24.6467,23.8254,23.0278
144,0,1,1.67,1.5641,0,228.443,208.926,228.443,289.784,0,23.6376,22.8217,21.4733
145,0,1,0.197933,2.125,0,107.718,nan,nan,nan,0,17.6961,17.4283,17.6438
146,0,1,0.64,4,0,127.483,127.483,120.472,128.012,0,23.2248,23.0424,22.4633
147,0,1,2.03,1.5641,0,225.351,213.142,225.351,262.28,0,24.0695,23.3995,22.425
148,0,1,1.27,3.54545,0,284.508,309.157,284.508,234.809,0,21.2042,21.137,21.6554
149,0,1,1.04,2.125,0,147.648,146.945,147.648,150.062,0,23.8996,23.4507,23.0649
150,0,1,0.731089,2.0303,0,221.803,nan,nan,nan,0,20.0062,19.546,18.7871
151,0,1,0.68,1.27273,0,121.255,126.725,117.575,121.255,0,23.4108,23.3081,22.8589
152,0,1,0.26,1.22222,0,80,76.1898,72.1906,67.3182,0,23.1558,22.9618,22.9499
153,0,1,1.06,1.63158,0,139.371,139.371,135.156,140.428,0,24.1804,23.8856,23.4041
154,0,1,0.320861,1.5,0,213.672,nan,nan,nan,0,18.6009,18.2619,18.2296
155,0,1,1.06,1.32558,0,135.443,134.517,135.443,150.47,0,24.3343,23.8764,23.1041
156,0,1,0.78,3.7619,0,146.635,156.351,144.273,146.635,0,22.8622,22.7833,22.3974
157,0,1,0.62,2.0303,0,104.246,107.626,102.365,104.246,0,23.8765,23.6661,23.2716
158,0,1,0.647969,3.7619,0,165.61,nan,nan,nan,0,20.1525,19.7615,19.2824
159,0,1,0.43,1.63158,0,133.909,137.441,133.909,132.253,0,21.8621,21.547,21.2857
160,0,1,0.800644,1.5,0,245.611,nan,nan,nan,0,19.8114,19.3625,18.7076
161,0,1,1.84,3.34783,0,204.767,204.684,204.767,215.027,0,23.9847,23.5548,23.0271
162,0,1,0.65,2.44828,0,194.517,196.395,191.205,194.517,0,21.3889,21.0771,20.6871
163,0,1,1.09,3,0,238.044,237.981,238.044,257.943,0,21.9314,21.5021,20.8381
164,0,1,1.86,2.33333,0,221.991,228.865,221.991,216.158,0,23.5284,23.2328,23.033
165,0,1,0.921289,2.57143,0,290.526,nan,nan,nan,0,19.869,19.3731,18.6196
166,0,1,0.27,2.84615,0,80,86.249,78.6149,68.8684,0,22.7106,22.685,22.9445
167,0,1,1.62,1.17391,0,174.122,174.122,173.773,195.947,0,24.348,23.9286,23.0917
168,0,1,0.264958,1.77778,0,203.855,nan,nan,nan,0,17.651,17.3281,17.4041
169,0,1,0.27,4,0,80,81.8348,74.5398,65.661,0,22.9388,22.9162,23.1516
170,0,1,0.63,1.85714,0,130.885,130.885,127.608,132.537,0,23.0689,22.7509,22.271
171,0,1,0.39,3.54545,0,140.887,146.755,140.887,134.618,0,21.3272,21.0764,20.9586
172,0,1,0.71,1.22222,0,265.631,264.28,265.631,283.504,0,20.333,19.8828,19.2846
173,0,1,0.45,1.22222,0,86.1241,90.9535,85.4669,86.1241,0,23.7721,23.6142,23.2656
174,0,1,0.65,1.77778,0,119.104,122.734,114.887,119.104,0,23.4306,23.2894,22.8174
175,0,1,0.62,1.85714,0,115.743,128.476,115.743,115.234,0,23.1075,23.1327,22.8364
176,0,1,0.7,2.0303,0,125.152,125.152,123.179,129.023,0,23.5417,23.1826,22.6659
177,0,1,0.264546,2.7037,0,229.98,nan,nan,nan,0,18.5465,18.2344,18.3241
178,0,1,0.88,1.7027,0,170.728,170.728,166.872,175.482,0,22.8015,22.4726,21.9388
179,0,1,0.92,2.84615,0,147.244,147.244,141.738,150.295,0,23.5629,23.3003,22.7303
180,0,1,0.49,2.22581,0,98.9526,105.92,98.9526,95.3033,0,23.3308,23.1982,23.046
181,0,1,1.18,1.38095,0,252.995,251.326,252.995,278.489,0,21.9068,21.45,20.7176
182,0,1,0.89,1.94118,0,138.498,138.498,132.857,138.812,0,23.7403,23.4928,22.987
183,0,1,0.82,1.22222,0,132.454,132.454,128.1,136.208,0,23.7156,23.4327,22.8508
184,0,1,0.75,1.17391,0,120.952,126.68,120.066,120.952,0,23.6719,23.4767,23.1294
185,0,1,0.59,1.38095,0,140.421,140.421,137.08,145.879,0,22.591,22.2675,21.6819
186,0,1,1.25,1.12766,0,281.994,280.438,281.994,310.943,0,21.5851,21.133,20.3932
187,0,1,2.02,2.33333,0,224.346,219.181,224.346,233.036,0,23.9351,23.4058,22.9254
188,0,1,0.66,1.04082,0,110.22,114.267,110.22,109.612,0,23.7813,23.5098,23.2184
189,0,1,0.66,2.125,0,122.32,127.566,122.021,122.32,0,23.3032,23.068,22.742
190,0,1,1.39,1.7027,0,206.241,205.045,206.241,211.958,0,23.2291,22.7757,22.3416
191,0,1,0.42,1.77778,0,118.685,126.281,118.685,110.752,0,22.1694,22.0107,21.9958
192,0,1,0.65,1.17391,0,264.904,264.904,263.979,274.639,0,20.0893,19.6764,19.1891
193,0,1,1.08,1.27273,0,154.242,154.242,154.089,160.516,0,23.7901,23.3663,22.8734
194,0,1,0.43,1.85714,0,115.256,121.431,115.256,110.756,0,22.3999,22.1985,22.0561
195,0,1,2.5,1.94118,0,177.63,167.594,177.63,281.278,0,25.663,24.9823,22.6707
196,0,1,0.71,1.77778,0,167.779,167.779,165.646,173.36,0,22.3063,21.9337,21.4207
197,0,1,0.77,2.0303,0,119.675,126.323,119.675,117.446,0,23.7541,23.5608,23.327
198,0,1,0.77,1.85714,0,149.89,149.89,145.42,156.018,0,23.0112,22.7146,22.0937
199,0,1,0.51,2.44828,0,104.777,110.814,104.777,103.394,0,23.2386,23.0538,22.7961
200,0,1,0.45,4,0,97.1155,106.264,97.1155,95.9805,0,23.0964,23.0593,22.795
201,0,1,2.5,1.5641,0,213.355,190.209,213.355,249.342,0,25.1132,24.1864,23.1941
202,0,1,0.43,2.57143,0,97.4545,105.864,97.4545,94.8801,0,22.9958,22.9271,22.728
203,0,1,1.5,1.43902,0,187.47,204.431,187.47,181.131,0,23.4457,23.3937,23.2277
204,0,1,0.887436,1.43902,0,302.78,nan,nan,nan,0,20.5611,20.1465,19.5057
205,0,1,0.42,3,0,124.001,131.223,124.001,116.017,0,22.0027,21.8205,21.7941
206,0,1,0.9,3.34783,0,147.061,161.62,147.061,144.198,0,23.0996,23.0815,22.8515
207,0,1,0.8,1.32558,0,142.668,157.066,142.668,141.723,0,22.9097,22.8992,22.6127
208,0,1,0.72,3.16667,0,120.716,129.965,120.716,115.979,0,23.4524,23.345,23.2034
209,0,1,0.97,1.7027,0,269.661,263.932,269.661,299.638,0,21.1698,20.6484,19.8752
210,0,1,0.43002,1.7027,0,132.952,nan,nan,nan,0,18.8009,18.412,18.1923
211,0,1,0.61,3.54545,0,138.018,138.571,135.513,138.018,0,22.7362,22.405,22.01
212,0,1,0.78,1.5641,0,115.456,131.115,115.456,113.81,0,23.6267,23.751,23.4979
213,0,1,0.43,2.57143,0,185.488,188.567,185.488,183.855,0,20.4886,20.132,19.855
214,0,1,2,1.94118,0,209.661,209.661,198.43,210.081,0,24.1016,23.9126,23.3494
215,0,1,1.36,3.34783,0,165.144,163.718,165.144,184.138,0,24.1483,23.6825,22.8943
216,0,1,0.65,2.22581,0,140.941,148.365,138.98,140.941,0,22.6069,22.4626,22.0863
217,0,1,1.79,1.27273,0,192.848,185.24,192.848,217.538,0,24.3449,23.742,22.9034
218,0,1,0.172362,4,0,98.526,nan,nan,nan,0,18.8968,18.6887,18.9881
219,0,1,0.22,2.84615,0,113.905,119.93,113.905,102.601,0,20.7753,20.5711,20.7096
220,0,1,0.39,1.7027,0,140.673,148.085,140.673,133.687,0,21.288,21.083,20.9888
221,0,1,0.11,1.5,0,80,76.2866,70.9982,59.5446,0,21.0904,20.9743,21.423
222,0,1,0.94,2.0303,0,242.776,242.776,237.804,249.499,0,21.4487,21.1104,20.5865
223,0,1,2.5,1.32558,0,250.111,229.955,250.111,274.077,0,24.2891,23.4961,22.7833
224,0,1,0.84,2.33333,0,142.74,142.74,137.088,144.665,0,23.455,23.2024,22.6534
225,0,1,0.81,1.85714,0,106.138,97.7731,106.138,146.427,0,25.0014,24.2168,22.5039
226,0,1,1.1,1.77778,0,247.554,244.006,247.554,271.644,0,21.8472,21.3565,20.6378
227,0,1,2.5,1.08333,0,243.676,232.692,243.676,259.586,0,24.2377,23.6093,23.0193
228,0,1,0.69,1.22222,0,118.512,125.023,118.155,118.512,0,23.5081,23.3254,22.9969
229,0,1,2.5,3.54545,0,236.805,192.306,236.805,298.767,0,25.0656,23.7335,22.4087
230,0,1,1.32,1.08333,0,161.778,151.158,161.778,195.918,0,24.415,23.6921,22.5451
231,0,1,2.26,3.34783,0,203.288,176.702,203.288,230.939,0,25.1674,24.1307,23.2614
232,0,1,0.31,3,0,143.951,149.187,143.951,132.114,0,20.6752,20.4023,20.4595
233,0,1,0.45,1.32558,0,94.0057,99.5127,94.0057,89.5818,0,23.3815,23.2007,23.0946
234,0,1,0.787369,1.63158,0,301.487,nan,nan,nan,0,19.6921,19.2656,18.6834
235,0,1,0.0892025,1.94118,0,125.639,nan,nan,nan,0,17.7318,17.5239,18.0826
236,0,1,0.83,3.54545,0,129.059,139.337,129.059,125.446,0,23.5279,23.4326,23.2405
237,0,1,0.92,4,0,141.672,142.619,136.247,141.672,0,23.7015,23.4719,22.9869
238,0,1,0.65,1.5,0,279.414,279.414,277.385,290.285,0,19.8577,19.4613,18.9485
239,0,1,0.49,1.94118,0,127.312,133.564,127.312,123.924,0,22.3237,22.1038,21.9056
240,0,1,1.33,1.08333,0,159.507,159.507,154.537,164.546,0,24.2018,23.9111,23.3232
241,0,1,0.8,2.7037,0,180.486,180.486,175.216,182.471,0,22.3061,22.0067,21.5151
242,0,1,1.42,1.04082,0,166.08,171.386,165.939,166.08,0,24.0649,23.7771,23.458
243,0,1,1.65,2.44828,0,177.158,149.484,177.158,240.877,0,25.0595,23.8937,22.244
244,0,1,1.14,3.34783,0,168.589,168.589,163.815,170.834,0,23.5486,23.2452,22.7476
245,0,1,0.78,3.16667,0,141.627,152.287,141.627,137.049,0,22.9766,22.8637,22.691
246,0,1,0.22,2.44828,0,80,76.866,71.489,62.8028,0,22.7072,22.5941,22.8413
247,0,1,0.43,1.27273,0,91.6366,91.6366,90.0953,94.0966,0,23.6225,23.2681,22.764
248,0,1,0.26,3.16667,0,93.5282,100.103,93.5282,86.1036,0,21.9703,21.8372,21.881
249,0,1,1.18,3.7619,0,168.256,176.6,168.033,168.256,0,23.4393,23.2272,22.906
250,0,1,0.36,2.7037,0,82.9627,89.7319,82.9627,79.3321,0,23.26,23.1726,23.0515
251,0,1,1.52,3.16667,0,204.989,204.989,203.193,223.211,0,23.4692,23.0793,22.3559
252,0,1,0.63,1.22222,0,298.775,297.468,298.775,316.909,0,19.5034,19.0563,18.485
253,0,1,0.25,1.17391,0,80,75.048,71.8081,65.0566,0,23.1246,22.8881,23.0016
254,0,1,0.62,2.33333,0,173.163,175.576,168.377,173.163,0,21.751,21.5048,21.0676
255,0,1,0.34,3.34783,0,118.306,126.521,118.306,108.108,0,21.6232,21.4867,21.5628
256,0,1,0.46,3.7619,0,97.9671,105.103,97.9671,89.983,0,23.2009,23.0781,23.1319
257,0,1,0.348505,1.94118,0,279.489,nan,nan,nan,0,18.3691,17.9972,17.8309
258,0,1,0.45,1,0,103.306,110.16,103.306,99.9243,0,22.9401,22.7909,22.6201
259,0,1,2.41,1.77778,0,193.528,168.178,193.528,239.037,0,25.5515,24.5136,23.281
260,0,1,0.49,2.7037,0,176.208,177.095,174.042,176.208,0,21.0985,20.746,20.3768
261,0,1,0.6,1.04082,0,111.143,120.227,111.143,106.978,0,23.3094,23.2225,23.073
262,0,1,0.42,1.5641,0,110.835,110.835,109.36,111.349,0,22.736,22.3661,21.9724
263,0,1,0.64,1.94118,0,261.65,261.32,261.65,273.142,0,20.1076,19.674,19.1719
264,0,1,0.45,2.33333,0,114.223,116.43,114.223,108.975,0,22.6997,22.3547,22.2435
265,0,1,1.49,1.94118,0,199.592,188.788,199.592,240.815,0,23.7735,23.1037,21.9729
266,0,1,2.5,2.22581,0,262.086,249.252,268.396,262.086,0,23.9392,23.1897,22.9776
267,0,1,0.71,1,0,126.683,140.732,126.683,120.246,0,23.0697,23.0984,23.0094
268,0,1,1.17,2.22581,0,221.826,221.826,221.239,234.342,0,22.4263,22.0097,21.4444
269,0,1,0.62,2.22581,0,106.249,111.706,106.249,103.695,0,23.7149,23.5043,23.2946
270,0,1,0.67,1.63158,0,130.031,137.323,129.114,130.031,0,23.0228,22.8624,22.5162
271,0,1,1.08,3.34783,0,188.748,191.257,183.71,188.748,0,22.8559,22.6027,22.1698
272,0,1,0.63,1.94118,0,105.612,112.409,100.172,105.612,0,23.7298,23.8023,23.2572
273,0,1,1.11,3.7619,0,186.276,186.276,183.456,192.154,0,23.0439,22.6821,22.1655
274,0,1,1.03,3,0,164.296,164.296,161.003,166.428,0,23.389,23.0488,22.5895
275,0,1,1.61,3.7619,0,179.568,179.568,175.568,196.974,0,24.1977,23.8675,23.0524
276,0,1,0.9,1.63158,0,272.057,268.894,272.057,300.441,0,20.8887,20.4099,19.6635
277,0,1,0.307707,1.38095,0,237.994,nan,nan,nan,0,17.7264,17.3337,17.3497
278,0,1,0.91,2.125,0,130.785,130.785,130.611,139.757,0,24.0485,23.6262,23.0169
279,0,1,0.48,1.7027,0,210.811,210.811,209.358,211.879,0,20.2882,19.8901,19.5228
280,0,1,0.3,2.22581,0,80,50.5607,53.2164,89.3789,0,25.2923,24.6419,22.0746
281,0,1,0.21,2.7037,0,95.3936,103.727,95.3936,81.2912,0,21.2924,21.228,21.6074
282,0,1,1.11,4,0,265.338,260.432,265.338,292.31,0,21.5885,21.0794,20.3435
283,0,1,0.64,3.54545,0,111.272,118.184,111.272,107.892,0,23.5537,23.3874,23.2059
284,0,1,0.84,2.22581,0,133.819,142.995,133.819,131.601,0,23.4473,23.3072,23.0644
285,0,1,1.18,3.16667,0,153.905,152.815,153.905,166.071,0,24.0676,23.6086,22.9628
286,0,1,0.220159,1,0,223.91,nan,nan,nan,0,17.2017,16.8968,17.0532
287,0,1,0.45,1.5,0,102.446,103.778,99.8378,102.446,0,23.1992,22.9393,22.5119
288,0,1,0.46,3,0,133.255,135.603,132.742,133.255,0,22.0943,21.7588,21.4267
289,0,1,0.51,3.34783,0,97.29,94.8162,97.29,97.8881,0,23.9157,23.3757,23.0337
290,0,1,0.494217,4,0,253.946,nan,nan,nan,0,18.6013,18.1895,17.8406
291,0,1,0.63,1.08333,0,106.268,114.386,106.268,105.344,0,23.6541,23.5457,23.2682
292,0,1,0.96,3.7619,0,165.03,165.03,163.822,168.268,0,23.1814,22.7852,22.3535
293,0,1,0.45,3.54545,0,100.866,106.397,100.866,100.403,0,23.091,22.8948,22.5993
294,0,1,0.1,1.43902,0,80,84.0609,78.2522,65.783,0,20.4477,20.3306,20.769
295,0,1,0.135963,1.94118,0,100.066,nan,nan,nan,0,17.8458,17.6262,18.011
296,0,1,0.89,2.84615,0,169.162,169.3,161.61,169.162,0,22.8682,22.642,22.1282
297,0,1,0.77,1.7027,0,108.861,108.855,108.861,113.154,0,24.4004,23.9721,23.4887
298,0,1,2.5,1.08333,0,234.667,212.473,234.667,259.641,0,24.6325,23.7729,23.0183
299,0,1,1.46,1.7027,0,170.13,163.215,170.13,183.1,0,24.3513,23.743,23.1086
300,0,1,1.03,2.0303,0,276.379,276.379,271.484,285.06,0,21.1302,20.7797,20.2524
301,0,1,0.36,3.16667,0,135.826,142.102,135.826,127.691,0,21.2635,21.0316,20.9844
302,0,1,0.66,3.16667,0,114.288,121.228,114.288,113.263,0,23.5245,23.3524,23.0761
303,0,1,0.53,3.34783,0,201.15,205.215,200.179,201.15,0,20.6626,20.3424,20.006
304,0,1,0.79,1.5,0,152.448,161.206,151.264,152.448,0,22.7633,22.6117,22.2624
305,0,1,0.492792,3,0,274.333,nan,nan,nan,0,18.6875,18.2679,18.0159
306,0,1,0.29,1.63158,0,83.4305,91.0645,83.4305,75.6237,0,22.6523,22.6044,22.7157
307,0,1,0.65,1.85714,0,112.656,119.579,112.656,109.489,0,23.5437,23.3746,23.183
308,0,1,0.68,3.7619,0,144.631,149.42,141.791,144.631,0,22.6953,22.4948,22.0933
309,0,1,0.95,2.57143,0,170.005,170.005,167.06,180.706,0,23.0244,22.6722,22.0158
310,0,1,0.6,3.16667,0,114.252,114.805,111.986,114.252,0,23.5098,23.1897,22.7873
311,0,1,0.62,3.54545,0,106.293,106.293,104.752,106.719,0,23.9306,23.566,23.1698
312,0,1,0.890324,2.33333,0,272.199,nan,nan,nan,0,20.0265,19.601,18.9429
313,0,1,0.1,1.38095,0,80,54.294,50.2779,41.8711,0,22.3461,22.2518,22.731
314,0,1,0.22,3,0,80,78.4103,73.7515,63.3262,0,22.6208,22.4588,22.8053
315,0,1,1.7,2.125,0,179.566,179.566,168.739,188.461,0,24.3427,24.1847,23.3893
316,0,1,0.76,2.84615,0,123.253,134.686,123.253,116.573,0,23.441,23.3981,23.3247
317,0,1,0.64,4,0,133.891,141.933,133.551,133.891,0,22.7585,22.5947,22.2683
318,0,1,0.42,4,0,102.199,109.13,102.199,95.7956,0,22.8034,22.6602,22.6259
319,0,1,1.02,1.7027,0,151.772,168.22,151.772,149.677,0,23.2604,23.2791,23.0241
320,0,1,1.4,1.43902,0,183.389,173.707,183.389,219.155,0,23.9686,23.3049,22.2157
321,0,1,2.03,1.94118,0,350,461.455,440.441,328.324,0,20.7149,20.4892,21.4497
322,0,1,0.14,3,0,80,66.5963,61.3072,51.7381,0,22.2457,22.177,22.5986
323,0,1,1.62,2.33333,0,248.132,253.136,235.312,248.132,0,22.723,22.612,22.0662
324,0,1,0.68,1.17391,0,121.586,120.176,121.586,129.292,0,23.6412,23.1624,22.5802
325,0,1,2.5,1.27273,0,217.57,195.384,217.57,236.794,0,24.9967,24.1015,23.4184
326,0,1,1.9,1.85714,0,190.345,170.606,190.345,206.691,0,24.8608,23.9572,23.284
327,0,1,1.85,1.22222,0,199.09,199.09,197.694,205.377,0,24.1194,23.7219,23.2409
328,0,1,1.24,2.44828,0,158.872,167.811,152.001,158.872,0,23.7938,23.7954,23.2881
329,0,1,2.5,3.7619,0,185.748,112.252,185.748,246.575,0,27.4036,24.7882,23.2426
330,0,1,0.71,1.5641,0,265.461,265.461,263.91,280.03,0,20.3136,19.911,19.3381
331,0,1,1.31,3,0,164.451,169.66,164.451,164.323,0,23.8932,23.6005,23.2885
332,0,1,1.34,1.63158,0,168.663,172.19,165.883,168.663,0,23.8895,23.6235,23.2359
333,0,1,0.65,1.7027,0,116.373,128.362,116.373,115.606,0,23.2358,23.2336,22.9469
334,0,1,0.22,2.44828,0,80,83.533,76.9182,66.425,0,22.346,22.2762,22.5978
335,0,1,2.01,3.7619,0,234.838,217.793,234.838,284.878,0,23.9495,23.1942,22.0399
336,0,1,0.26,2.22581,0,80,78.3541,74.3335,68.6629,0,23.0341,22.8348,22.864
337,0,1,1.04,1.43902,0,163.426,173.638,163.426,159.972,0,23.1747,23.0098,22.7872
338,0,1,0.944711,2.84615,0,336.851,nan,nan,nan,0,20.5495,20.1379,19.4386
339,0,1,0.86,2.0303,0,131.987,142.639,131.893,131.987,0,23.5209,23.4329,23.1145
340,0,1,1.39,1.7027,0,171.702,171.702,171.025,179.612,0,23.9998,23.5889,23.0608
341,0,1,0.9,2.125,0,132.692,143.062,132.692,131.753,0,23.6293,23.528,23.2435
342,0,1,0.84,2.0303,0,144.229,147.591,142.896,144.229,0,23.3099,23.0222,22.6665
343,0,1,0.61,1.22222,0,131.129,131.129,128.308,133.453,0,22.9759,22.6423,22.1561
344,0,1,0.59,1.17391,0,108.048,112.675,108.048,104.951,0,23.547,23.3011,23.112
345,0,1,0.78,1.77778,0,131.459,139.135,130.791,131.459,0,23.3689,23.2094,22.8718
346,0,1,1.67,1.5,0,206.956,206.956,198.12,209.616,0,23.6788,23.4402,22.8798
347,0,1,0.64,1.32558,0,128.316,136.29,128.316,128.256,0,22.9347,22.7684,22.455
348,0,1,1.38,1,0,176.249,176.249,174.431,181.537,0,23.867,23.4839,22.9951
349,0,1,0.25,1.5,0,80,79.7662,75.1719,67.2225,0,22.8598,22.6893,22.8593
350,0,1,0.8,1.27273,0,132.146,142.33,131.568,132.146,0,23.3376,23.251,22.9165
351,0,1,0.89,2.44828,0,166.444,173.416,164.458,166.444,0,22.7639,22.5661,22.1986
352,0,1,1.68,2.33333,0,184.797,190.054,179.2,184.797,0,24.0647,23.892,23.443
353,0,1,0.45,1.32558,0,96.6757,103.128,96.6757,96.6351,0,23.2265,23.079,22.7655
354,0,1,0.43,2.0303,0,107.471,112.4,107.471,105.983,0,22.7356,22.5022,22.2474
355,0,1,0.59,2.125,0,115.416,120.157,115.416,108.556,0,23.2678,23.0146,22.9653
356,0,1,0.56,3.7619,0,162.446,164.901,157.612,162.446,0,21.7563,21.5246,21.078
357,0,1,0.61,1.85714,0,106.756,104.829,106.756,119.818,0,23.9481,23.4409,22.6242
358,0,1,2.03,1.27273,0,233.107,233.107,231.561,237.139,0,23.6806,23.2814,22.8627
359,0,1,0.55,1.85714,0,112.035,114.109,109.523,112.035,0,23.3082,23.0583,22.6444
360,0,1,1.87,2.33333,0,191.643,181.76,191.643,230.014,0,24.5435,23.8854,22.7774
361,0,1,0.642273,1.77778,0,260.062,nan,nan,nan,0,19.0334,18.5873,18.0938
362,0,1,2.4,1.94118,0,228.912,217.781,228.912,239.103,0,24.418,23.7734,23.2689
363,0,1,0.48,3.34783,0,144.252,148.726,144.252,142.058,0,21.8033,21.5078,21.259
364,0,1,1.67,2.44828,0,196.248,180.104,196.248,230.927,0,24.2823,23.4814,22.4593
365,0,1,0.43,1.5641,0,91.0709,98.7696,91.0709,83.6489,0,23.297,23.2213,23.2751
366,0,1,0.63,1.27273,0,120.861,127.811,120.861,119.808,0,23.1721,22.9869,22.7094
367,0,1,0.65,2.57143,0,203.981,203.981,199.445,204.348,0,21.2243,20.8939,20.473
368,0,1,0.21,1.94118,0,80,72.5756,67.5053,59.6645,0,22.8434,22.7298,22.9507
369,0,1,1.06,1.04082,0,149.055,158.903,149.055,146.343,0,23.6108,23.4605,23.2249
370,0,1,0.18,2.33333,0,168.667,178.219,168.667,143.417,0,18.5693,18.3804,18.7693
371,0,1,0.82,2.84615,0,108.506,108.506,105.944,120.958,0,24.5818,24.2574,23.3665
372,0,1,0.93,2.7037,0,142.354,145.13,140.724,142.354,0,23.6546,23.3604,22.995
373,0,1,0.82,1.63158,0,271.295,271.295,264.366,279.979,0,20.6019,20.2862,19.7216
374,0,1,2.04,2.22581,0,289.638,262.562,289.638,347.977,0,23.1769,22.3226,21.2102
375,0,1,0.77,1.04082,0,143.371,145.947,141.173,143.371,0,23.127,22.8433,22.4608
376,0,1,0.86,1.04082,0,126.907,135.158,125.401,126.907,0,23.7548,23.6521,23.2849
377,0,1,0.725437,3.54545,0,300.684,nan,nan,nan,0,19.6692,19.2502,18.6844
378,0,1,0.68,1.5,0,109.59,122.372,109.59,109.479,0,23.5626,23.6136,23.3026
379,0,1,1.86,1.17391,0,218.945,218.945,215.975,227.796,0,23.7209,23.3521,22.8053
380,0,1,0.61,1.32558,0,124.138,127.806,120.228,124.138,0,23.0874,22.9248,22.4704
381,0,1,0.77,1.5641,0,124.448,130.404,121.38,124.448,0,23.616,23.4994,23.0756
382,0,1,0.14,1.32558,0,80,67.3715,61.6478,51.799,0,22.1954,22.1529,22.5935
383,0,1,0.73,2.44828,0,154.358,155.668,149.024,154.358,0,22.7053,22.4666,21.9985
384,0,1,1.01,1.77778,0,146.751,155.125,146.751,141.437,0,23.586,23.3989,23.2436
385,0,1,0.62,2.33333,0,127.109,135.634,127.109,126.893,0,22.872,22.7258,22.4178
386,0,1,0.45,1.22222,0,104.803,111.456,104.803,100.893,0,22.8893,22.7285,22.5782
387,0,1,0.92,1.7027,0,147.746,157.084,147.746,145.14,0,23.2819,23.12,22.8819
388,0,1,1.44,4,0,217.69,214.93,217.69,239.646,0,23.1191,22.6356,21.9029
389,0,1,0.63,1.12766,0,155.237,155.237,154.015,163.156,0,22.3278,21.9341,21.3683
390,0,1,1.14,4,0,168.671,176.214,167.724,168.671,0,23.3565,23.1428,22.803
391,0,1,0.78,3.7619,0,148.101,155.824,144.79,148.101,0,22.8769,22.7677,22.3542
392,0,1,0.64,3.34783,0,142.295,148.663,140.756,142.295,0,22.5573,22.3665,22.0039
393,0,1,0.77,3.34783,0,130.36,134.723,128.128,130.36,0,23.4745,23.2644,22.874
394,0,1,0.21,3.34783,0,80,80.7538,74.8703,67.6408,0,22.3797,22.2801,22.4057
395,0,1,0.88,1.63158,0,144.742,144.742,143.207,148.311,0,23.5186,23.1368,22.6693
396,0,1,0.34,1.5641,0,80,84.4181,78.2973,71.8878,0,23.3805,23.2793,23.3348
397,0,1,0.6,1.7027,0,141.347,150.687,141.347,139.981,0,22.3287,22.1785,21.9053
398,0,1,1.1,1.22222,0,179.307,187.027,179.307,177.891,0,23.0022,22.7572,22.4762
399,0,1,0.82,2.7037,0,135.286,139.338,135.286,133.675,0,23.4956,23.1957,22.9323
400,0,1,2.5,2.84615,0,234.831,225.303,234.831,247.362,0,24.3779,23.7699,23.2287
401,0,1,1.64,1.7027,0,217.155,208.199,217.155,241.134,0,23.6044,22.9935,22.2232
402,0,1,2.5,3.16667,0,245.091,225.941,245.091,261.835,0,24.3656,23.5842,22.9818
403,0,1,1.66,2.33333,0,203.304,186.119,203.304,234.3,0,24.1236,23.312,22.3803
404,0,1,0.55,2.7037,0,152.407,159.02,151.617,152.407,0,21.8669,21.6458,21.3079
405,0,1,0.45,2.0303,0,140.056,140.056,139.398,151.486,0,21.8973,21.4897,20.8131
406,0,1,1.03,1.63158,0,163.772,163.772,160.003,168.068,0,23.4029,23.0759,22.5469
407,0,1,0.63,1.5,0,143.236,143.338,139.293,143.236,0,22.6742,22.3704,21.9338
408,0,1,0.49,2.44828,0,120.318,126.533,120.318,116.623,0,22.5586,22.3492,22.1692
409,0,1,0.6,2.57143,0,95.8813,95.8813,89.7599,97.3521,0,24.2921,24.1505,23.4825
410,0,1,0.22,2.7037,0,80,80.8274,74.6792,64.0431,0,22.489,22.4045,22.7564
411,1,1,1.17,2.7037,0.549586,221.826,221.826,221.239,234.342,1.67613e+11,22.4263,22.0097,21.4444
412,1,1,1.44,4,0.553483,217.69,214.93,217.69,239.646,1.66072e+11,23.1191,22.6356,21.9029
413,1,1,0.47,1.12766,0.592071,202.304,209.513,202.304,199.385,1.07685e+11,20.2605,19.9845,19.7322
414,1,1,0.640675,1.7027,0.515205,188.241,nan,nan,nan,9.45505e+10,19.6929,19.2562,18.6956
415,1,1,0.47,2.84615,0.56,165.435,169.843,165.435,164.079,6.81112e+10,21.1722,20.8582,20.5786
416,1,1,0.53,1.27273,0.573313,201.15,205.215,200.179,201.15,1.09868e+11,20.6626,20.3424,20.006
417,1,1,1.67,4,0.523171,228.443,208.926,228.443,289.784,1.73209e+11,23.6376,22.8217,21.4733
418,1,1,1.17,2.84615,0.570288,221.826,221.826,221.239,234.342,1.73927e+11,22.4263,22.0097,21.4444
419,1,1,0.74,1.5,0.572978,223.518,223.518,219.16,230.313,1.57117e+11,21.1702,20.8277,20.2967
420,1,1,1.03,1.63158,0.582368,276.379,276.379,271.484,285.06,2.69245e+11,21.1302,20.7797,20.2524
421,1,1,0.47,2.22581,0.530395,165.435,169.843,165.435,164.079,6.45103e+10,21.1722,20.8582,20.5786
422,1,1,1.06,1.63158,0.503394,264.784,263.632,264.784,287.745,2.14909e+11,21.4121,20.9651,20.2885
423,1,1,0.72,1.5641,0.505916,202.946,202.946,194.633,204.394,1.13189e+11,21.5169,21.2705,20.7425
424,1,1,0.62,2.57143,0.530994,173.163,175.576,168.377,173.163,8.1281e+10,21.751,21.5048,21.0676
425,1,1,0.43,1.5,0.614124,185.488,188.567,185.488,183.855,8.92782e+10,20.4886,20.132,19.855
426,1,1,1.44,4,0.553483,217.69,214.93,217.69,239.646,1.66072e+11,23.1191,22.6356,21.9029
427,1,1,0.97,1.43902,0.500286,269.661,263.932,269.661,299.638,2.17143e+11,21.1698,20.6484,19.8752
428,1,1,0.731089,1.63158,0.615357,221.803,nan,nan,nan,1.65407e+11,20.0062,19.546,18.7871
429,1,1,1.28,3.16667,0.511965,212.306,210.409,212.306,232.078,1.44737e+11,22.8964,22.4293,21.7272
430,1,1,1.1,1.94118,0.536094,247.554,244.006,247.554,271.644,2.01499e+11,21.8472,21.3565,20.6378
431,1,1,0.65,1.7027,0.543664,194.517,196.395,191.205,194.517,1.07202e+11,21.3889,21.0771,20.6871
432,1,1,2.03,2.84615,0.555062,350,461.455,440.441,328.324,4.25316e+11,20.7149,20.4892,21.4497
433,1,1,0.65,1,0.576628,264.904,264.904,263.979,274.639,2.10876e+11,20.0893,19.6764,19.1891
434,1,1,1.06,1.7027,0.541907,264.784,263.632,264.784,287.745,2.31351e+11,21.4121,20.9651,20.2885
435,1,1,1.11,1.77778,0.533203,265.338,260.432,265.338,292.31,2.30624e+11,21.5885,21.0794,20.3435
436,1,1,0.94,1.5641,0.500021,242.776,242.776,237.804,249.499,1.74511e+11,21.4487,21.1104,20.5865
437,1,1,0.47,1,0.539105,202.304,209.513,202.304,199.385,9.80514e+10,20.2605,19.9845,19.7322
438,1,1,0.8,3.34783,0.544607,180.486,180.486,175.216,182.471,1.00097e+11,22.3061,22.0067,21.5151
439,1,1,1.17,2.44828,0.506422,221.826,221.826,221.239,234.342,1.54449e+11,22.4263,22.0097,21.4444
440,1,1,1.44,4,0.553483,217.69,214.93,217.69,239.646,1.66072e+11,23.1191,22.6356,21.9029
441,1,1,1.09,2.33333,0.609531,238.044,237.981,238.044,257.943,2.11475e+11,21.9314,21.5021,20.8381
442,1,1,0.71,3.7619,0.515953,167.779,167.779,165.646,173.36,7.84699e+10,22.3063,21.9337,21.4207
443,1,1,0.47,3.7619,0.585902,165.435,169.843,165.435,164.079,7.12615e+10,21.1722,20.8582,20.5786
444,1,1,1.25,1.94118,0.547566,281.994,280.438,281.994,310.943,2.72356e+11,21.5851,21.133,20.3932
445,1,1,0.92,3.34783,0.547125,188.805,188.371,188.805,205.388,1.14827e+11,22.4931,22.055,21.374
446,1,1,0.842398,1.43902,0.595574,255.861,nan,nan,nan,2.23707e+11,19.9214,19.5254,18.8707
447,1,1,0.62,2.33333,0.514354,173.163,175.576,168.377,173.163,7.87339e+10,21.751,21.5048,21.0676
448,1,1,1.31,4,0.608779,218.874,218.483,218.874,237.481,1.83361e+11,22.7948,22.359,21.6892
449,1,1,0.47,2.84615,0.56,165.435,169.843,165.435,164.079,6.81112e+10,21.1722,20.8582,20.5786
450,1,1,0.71,1.04082,0.516325,265.631,264.28,265.631,283.504,1.96833e+11,20.333,19.8828,19.2846
451,1,1,0.640675,2.0303,0.563804,188.241,nan,nan,nan,1.03469e+11,19.6929,19.2562,18.6956
452,1,1,0.72,1.77778,0.556501,202.946,202.946,194.633,204.394,1.24507e+11,21.5169,21.2705,20.7425
453,1,1,0.65,1.85714,0.570772,194.517,196.395,191.205,194.517,1.12547e+11,21.3889,21.0771,20.6871
454,1,1,0.91,1.38095,0.55976,276.215,274.989,276.215,300.962,2.50684e+11,20.8209,20.3735,19.6855
455,1,1,1.31,4,0.608779,218.874,218.483,218.874,237.481,1.83361e+11,22.7948,22.359,21.6892
456,1,1,0.62,2.33333,0.514354,173.163,175.576,168.377,173.163,7.87339e+10,21.751,21.5048,21.0676
457,1,1,0.32,4,0.505315,146.033,153.299,146.033,134.59,3.78123e+10,20.6368,20.4196,20.4585
458,1,1,0.71,3.54545,0.508781,167.779,167.779,165.646,173.36,7.73792e+10,22.3063,21.9337,21.4207
459,1,1,0.647969,3.34783,0.510227,165.61,nan,nan,nan,7.28298e+10,20.1525,19.7615,19.2824
460,1,1,0.53,1.32558,0.589217,201.15,205.215,200.179,201.15,1.12916e+11,20.6626,20.3424,20.006
461,1,1,0.63,1.08333,0.618663,250.356,250.356,247.723,260.453,1.9936e+11,20.2522,19.8701,19.337
462,1,1,0.9,1.43902,0.597714,272.057,268.894,272.057,300.441,2.58882e+11,20.8887,20.4099,19.6635
463,1,1,1.1,1.85714,0.504786,247.554,244.006,247.554,271.644,1.89731e+11,21.8472,21.3565,20.6378
464,1,1,1.44,3.54545,0.513559,217.69,214.93,217.69,239.646,1.54093e+11,23.1191,22.6356,21.9029
465,1,1,0.65,1.7027,0.543664,194.517,196.395,191.205,194.517,1.07202e+11,21.3889,21.0771,20.6871
466,1,1,0.62,3.34783,0.56881,173.163,175.576,168.377,173.163,8.70697e+10,21.751,21.5048,21.0676
467,1,1,0.921289,1.38095,0.60236,290.526,nan,nan,nan,2.9945e+11,19.869,19.3731,18.6196
468,1,1,0.53,1.38095,0.604541,201.15,205.215,200.179,201.15,1.15853e+11,20.6626,20.3424,20.006
469,1,1,0.53,1.27273,0.573313,201.15,205.215,200.179,201.15,1.09868e+11,20.6626,20.3424,20.006
470,1,1,0.49,2.44828,0.605419,176.208,177.095,174.042,176.208,8.54549e+10,21.0985,20.746,20.3768
471,1,1,0.74,1.38095,0.525747,223.518,223.518,219.16,230.313,1.44166e+11,21.1702,20.8277,20.2967
472,1,1,0.65,2.125,0.608295,194.517,196.395,191.205,194.517,1.19946e+11,21.3889,21.0771,20.6871
473,1,1,1.08,4,0.524378,188.748,191.257,183.71,188.748,1.1418e+11,22.8559,22.6027,22.1698
474,1,1,1.08,3.7619,0.512169,188.748,191.257,183.71,188.748,1.11522e+11,22.8559,22.6027,22.1698
475,1,1,1.62,3.54545,0.582534,248.132,253.136,235.312,248.132,2.27652e+11,22.723,22.612,22.0662
476,1,1,0.56,3.34783,0.521874,162.446,164.901,157.612,162.446,6.70391e+10,21.7563,21.5246,21.078
477,1,1,1.67,4,0.523171,228.443,208.926,228.443,289.784,1.73209e+11,23.6376,22.8217,21.4733
478,1,1,1.31,4,0.608779,218.874,218.483,218.874,237.481,1.83361e+11,22.7948,22.359,21.6892
479,1,1,0.640675,2.22581,0.585892,188.241,nan,nan,nan,1.07523e+11,19.6929,19.2562,18.6956
480,1,1,2.03,2.84615,0.555062,350,461.455,440.441,328.324,4.25316e+11,20.7149,20.4892,21.4497
481,1,1,1.28,3.34783,0.530614,212.306,210.409,212.306,232.078,1.50009e+11,22.8964,22.4293,21.7272
482,1,1,0.8,2.7037,0.504793,180.486,180.486,175.216,182.471,9.27791e+10,22.3061,22.0067,21.5151
483,1,1,0.62,2.57143,0.530994,173.163,175.576,168.377,173.163,8.1281e+10,21.751,21.5048,21.0676
484,1,1,0.56,2.84615,0.504026,162.446,164.901,157.612,162.446,6.47464e+10,21.7563,21.5246,21.078
485,1,1,1.67,4,0.516744,227.035,217.374,227.035,273.451,1.68979e+11,23.4655,22.8485,21.7253
486,1,1,1.18,2.0303,0.528368,252.995,251.326,252.995,278.489,2.09881e+11,21.9068,21.45,20.7176
487,1,1,1.31,3.16667,0.531063,218.874,218.483,218.874,237.481,1.59954e+11,22.7948,22.359,21.6892
488,1,1,1.17,2.57143,0.528307,221.826,221.826,221.239,234.342,1.61123e+11,22.4263,22.0097,21.4444
489,1,1,0.800644,1.43902,0.594858,245.611,nan,nan,nan,2.02524e+11,19.8114,19.3625,18.7076
490,1,1,0.65,1.77778,0.613006,203.981,203.981,199.445,204.348,1.32923e+11,21.2243,20.8939,20.473
491,1,1,0.71,4,0.522963,167.779,167.779,165.646,173.36,7.95362e+10,22.3063,21.9337,21.4207
492,1,1,0.640675,1.94118,0.552235,188.241,nan,nan,nan,1.01346e+11,19.6929,19.2562,18.6956
493,1,1,1.44,3.7619,0.533747,217.69,214.93,217.69,239.646,1.6015e+11,23.1191,22.6356,21.9029
494,1,1,0.808909,1.17391,0.563665,285.315,nan,nan,nan,2.59853e+11,19.8811,19.4247,18.7504
495,1,1,0.74,1.38095,0.525747,223.518,223.518,219.16,230.313,1.44166e+11,21.1702,20.8277,20.2967
496,1,1,1.28,4,0.583963,212.306,210.409,212.306,232.078,1.65091e+11,22.8964,22.4293,21.7272
497,1,1,0.56,3.34783,0.521874,162.446,164.901,157.612,162.446,6.70391e+10,21.7563,21.5246,21.078
498,1,1,0.8,3.54545,0.553947,180.486,180.486,175.216,182.471,1.01814e+11,22.3061,22.0067,21.5151
499,1,1,0.43,1.08333,0.521693,185.488,188.567,185.488,183.855,7.58411e+10,20.4886,20.132,19.855
500,1,1,0.8,3.16667,0.535035,180.486,180.486,175.216,182.471,9.83375e+10,22.3061,22.0067,21.5151
501,1,1,0.64,1,0.580438,261.65,261.32,261.65,273.142,2.0571e+11,20.1076,19.674,19.1719
502,1,1,0.97,1.5,0.541847,269.661,263.932,269.661,299.638,2.35182e+11,21.1698,20.6484,19.8752
503,1,1,1.18,2.0303,0.528368,252.995,251.326,252.995,278.489,2.09881e+11,21.9068,21.45,20.7176
504,1,1,0.71,3.34783,0.501438,167.779,167.779,165.646,173.36,7.62625e+10,22.3063,21.9337,21.4207
505,1,1,0.49,1.7027,0.541516,176.208,177.095,174.042,176.208,7.64349e+10,21.0985,20.746,20.3768
506,1,1,1.17,2.84615,0.570288,221.826,221.826,221.239,234.342,1.73927e+11,22.4263,22.0097,21.4444
507,1,1,0.94,1.85714,0.616765,242.776,242.776,237.804,249.499,2.15255e+11,21.4487,21.1104,20.5865
508,1,1,0.74,1.43902,0.549787,223.518,223.518,219.16,230.313,1.50758e+11,21.1702,20.8277,20.2967
509,1,1,0.62,3.16667,0.561635,173.163,175.576,168.377,173.163,8.59714e+10,21.751,21.5048,21.0676
510,1,1,1.62,3.7619,0.610768,248.132,253.136,235.312,248.132,2.38686e+11,22.723,22.612,22.0662
511,1,1,0.53,1.32558,0.589217,201.15,205.215,200.179,201.15,1.12916e+11,20.6626,20.3424,20.006
512,1,1,0.47,1.04082,0.55749,202.304,209.513,202.304,199.385,1.01395e+11,20.2605,19.9845,19.7322
513,1,1,1.28,3.16667,0.511965,212.306,210.409,212.306,232.078,1.44737e+11,22.8964,22.4293,21.7272
514,1,1,0.808909,1.12766,0.512893,285.315,nan,nan,nan,2.36446e+11,19.8811,19.4247,18.7504
515,1,1,1.17,3.16667,0.610082,221.826,221.826,221.239,234.342,1.86063e+11,22.4263,22.0097,21.4444
516,1,1,0.49,2.0303,0.575461,176.208,177.095,174.042,176.208,8.12263e+10,21.0985,20.746,20.3768
517,1,1,0.72,1.5641,0.505916,202.946,202.946,194.633,204.394,1.13189e+11,21.5169,21.2705,20.7425
518,1,1,0.640675,2.44828,0.606693,188.241,nan,nan,nan,1.1134e+11,19.6929,19.2562,18.6956
519,1,1,0.47,2.22581,0.530395,165.435,169.843,165.435,164.079,6.45103e+10,21.1722,20.8582,20.5786
520,1,1,0.47,3.16667,0.570751,165.435,169.843,165.435,164.079,6.94187e+10,21.1722,20.8582,20.5786
521,1,1,0.65,1.94118,0.583677,194.517,196.395,191.205,194.517,1.15092e+11,21.3889,21.0771,20.6871
522,1,1,1.09,1.94118,0.503059,238.044,237.981,238.044,257.943,1.74535e+11,21.9314,21.5021,20.8381
523,1,1,1.62,3.16667,0.524001,248.132,253.136,235.312,248.132,2.04777e+11,22.723,22.612,22.0662
524,1,1,1.18,2.125,0.560617,252.995,251.326,252.995,278.489,2.22691e+11,21.9068,21.45,20.7176
525,1,1,0.53,1.38095,0.604541,201.15,205.215,200.179,201.15,1.15853e+11,20.6626,20.3424,20.006
526,1,1,1.28,4,0.583963,212.306,210.409,212.306,232.078,1.65091e+11,22.8964,22.4293,21.7272
527,1,1,0.65,1.38095,0.513771,203.981,203.981,199.445,204.348,1.11405e+11,21.2243,20.8939,20.473
528,1,1,0.43,1.04082,0.507976,185.488,188.567,185.488,183.855,7.3847e+10,20.4886,20.132,19.855
529,1,1,0.56,4,0.53846,162.446,164.901,157.612,162.446,6.91697e+10,21.7563,21.5246,21.078
530,1,1,0.640675,1.77778,0.527955,188.241,nan,nan,nan,9.68904e+10,19.6929,19.2562,18.6956
531,1,1,0.65,1.63158,0.529416,194.517,196.395,191.205,194.517,1.04392e+11,21.3889,21.0771,20.6871
532,1,1,1.06,1.63158,0.503394,264.784,263.632,264.784,287.745,2.14909e+11,21.4121,20.9651,20.2885
533,1,1,1.17,2.7037,0.549586,221.826,221.826,221.239,234.342,1.67613e+11,22.4263,22.0097,21.4444
534,1,1,0.65,1.94118,0.583677,194.517,196.395,191.205,194.517,1.15092e+11,21.3889,21.0771,20.6871
535,1,1,0.647969,3.54545,0.516869,165.61,nan,nan,nan,7.37778e+10,20.1525,19.7615,19.2824
536,1,1,0.62,3.16667,0.561635,173.163,175.576,168.377,173.163,8.59714e+10,21.751,21.5048,21.0676
537,1,1,0.71,3.54545,0.508781,167.779,167.779,165.646,173.36,7.73792e+10,22.3063,21.9337,21.4207
538,1,1,1.08,4,0.524378,188.748,191.257,183.71,188.748,1.1418e+11,22.8559,22.6027,22.1698
539,1,1,0.62,1.7027,0.590386,198.909,198.909,193.346,200.727,1.19242e+11,21.2091,20.9042,20.4261
540,1,1,0.53,1.32558,0.589217,201.15,205.215,200.179,201.15,1.12916e+11,20.6626,20.3424,20.006
541,1,1,0.62,3.34783,0.56881,173.163,175.576,168.377,173.163,8.70697e+10,21.751,21.5048,21.0676
542,1,1,1.11,1.85714,0.570595,265.338,260.432,265.338,292.31,2.46796e+11,21.5885,21.0794,20.3435
543,1,1,0.49,2.57143,0.612374,176.208,177.095,174.042,176.208,8.64365e+10,21.0985,20.746,20.3768
544,1,1,0.72,1.94118,0.587532,202.946,202.946,194.633,204.394,1.31449e+11,21.5169,21.2705,20.7425
545,1,1,0.62,3.34783,0.56881,173.163,175.576,168.377,173.163,8.70697e+10,21.751,21.5048,21.0676
546,1,1,0.49,2.0303,0.575461,176.208,177.095,174.042,176.208,8.12263e+10,21.0985,20.746,20.3768
547,1,1,1.11,4,0.501104,186.276,186.276,183.456,192.154,1.0682e+11,23.0439,22.6821,22.1655
548,1,1,1.08,3.7619,0.512169,188.748,191.257,183.71,188.748,1.11522e+11,22.8559,22.6027,22.1698
549,1,1,1.17,2.84615,0.570288,221.826,221.826,221.239,234.342,1.73927e+11,22.4263,22.0097,21.4444
550,1,1,0.71,3.7619,0.515953,167.779,167.779,165.646,173.36,7.84699e+10,22.3063,21.9337,21.4207
551,1,1,0.47,3.7619,0.585902,165.435,169.843,165.435,164.079,7.12615e+10,21.1722,20.8582,20.5786
552,1,1,0.640675,2.57143,0.61665,188.241,nan,nan,nan,1.13168e+11,19.6929,19.2562,18.6956
553,1,1,1.03,1.5641,0.539839,276.379,276.379,271.484,285.06,2.49583e+11,21.1302,20.7797,20.2524
554,1,1,0.62,2.84615,0.546724,173.163,175.576,168.377,173.163,8.36889e+10,21.751,21.5048,21.0676
555,1,1,0.628613,1.12766,0.614107,242.591,nan,nan,nan,1.85627e+11,19.0118,18.6283,18.1443
556,1,1,0.74,1.38095,0.525747,223.518,223.518,219.16,230.313,1.44166e+11,21.1702,20.8277,20.2967
557,1,1,2.03,2.84615,0.555062,350,461.455,440.441,328.324,4.25316e+11,20.7149,20.4892,21.4497
558,1,1,1.62,3.54545,0.582534,248.132,253.136,235.312,248.132,2.27652e+11,22.723,22.612,22.0662
559,1,1,0.47,2.22581,0.530395,165.435,169.843,165.435,164.079,6.45103e+10,21.1722,20.8582,20.5786
560,1,1,0.53,1.27273,0.573313,201.15,205.215,200.179,201.15,1.09868e+11,20.6626,20.3424,20.006
561,1,1,0.47,1.85714,0.503317,165.435,169.843,165.435,164.079,6.12169e+10,21.1722,20.8582,20.5786
562,1,1,1.44,4,0.553483,217.69,214.93,217.69,239.646,1.66072e+11,23.1191,22.6356,21.9029
563,1,1,0.53,1.38095,0.604541,201.15,205.215,200.179,201.15,1.15853e+11,20.6626,20.3424,20.006
564,1,1,0.62,3.34783,0.56881,173.163,175.576,168.377,173.163,8.70697e+10,21.751,21.5048,21.0676
565,1,1,0.47,1.04082,0.55749,202.304,209.513,202.304,199.385,1.01395e+11,20.2605,19.9845,19.7322
566,1,1,0.71,3.54545,0.508781,167.779,167.779,165.646,173.36,7.73792e+10,22.3063,21.9337,21.4207
567,1,1,0.72,1.5641,0.505916,202.946,202.946,194.633,204.394,1.13189e+11,21.5169,21.2705,20.7425
568,1,1,0.43,1.32558,0.58268,185.488,188.567,185.488,183.855,8.47071e+10,20.4886,20.132,19.855
569,1,1,1.09,2.125,0.557925,238.044,237.981,238.044,257.943,1.93571e+11,21.9314,21.5021,20.8381
570,1,1,1.08,3.7619,0.512169,188.748,191.257,183.71,188.748,1.11522e+11,22.8559,22.6027,22.1698
571,1,1,0.63,1,0.547886,250.356,250.356,247.723,260.453,1.76553e+11,20.2522,19.8701,19.337
572,1,1,0.47,2.44828,0.542746,165.435,169.843,165.435,164.079,6.60126e+10,21.1722,20.8582,20.5786
573,1,1,0.731089,1.38095,0.526378,221.803,nan,nan,nan,1.41489e+11,20.0062,19.546,18.7871
574,1,1,0.8,3,0.525218,180.486,180.486,175.216,182.471,9.65331e+10,22.3061,22.0067,21.5151
575,1,1,1.62,3.34783,0.553625,248.132,253.136,235.312,248.132,2.16354e+11,22.723,22.612,22.0662
576,1,1,0.8,2.84615,0.515142,180.486,180.486,175.216,182.471,9.46812e+10,22.3061,22.0067,21.5151
577,1,1,0.72,2.125,0.616649,202.946,202.946,194.633,204.394,1.37964e+11,21.5169,21.2705,20.7425
578,1,1,0.56,3,0.510129,162.446,164.901,157.612,162.446,6.55304e+10,21.7563,21.5246,21.078
579,1,1,1.62,3.16667,0.524001,248.132,253.136,235.312,248.132,2.04777e+11,22.723,22.612,22.0662
580,1,1,0.731089,1.5,0.57244,221.803,nan,nan,nan,1.53871e+11,20.0062,19.546,18.7871
581,1,1,1.17,3.16667,0.610082,221.826,221.826,221.239,234.342,1.86063e+11,22.4263,22.0097,21.4444
582,1,1,0.800644,1.43902,0.594858,245.611,nan,nan,nan,2.02524e+11,19.8114,19.3625,18.7076
583,1,1,0.890324,1.38095,0.56971,272.199,nan,nan,nan,2.46251e+11,20.0265,19.601,18.9429
584,1,1,1.09,2.33333,0.609531,238.044,237.981,238.044,257.943,2.11475e+11,21.9314,21.5021,20.8381
585,1,1,0.842398,1.32558,0.524538,255.861,nan,nan,nan,1.97025e+11,19.9214,19.5254,18.8707
586,1,1,0.47,2.22581,0.530395,165.435,169.843,165.435,164.079,6.45103e+10,21.1722,20.8582,20.5786
587,1,1,0.642273,1.04082,0.608984,260.062,nan,nan,nan,2.13541e+11,19.0334,18.5873,18.0938
588,1,1,1.11,1.77778,0.533203,265.338,260.432,265.338,292.31,2.30624e+11,21.5885,21.0794,20.3435
589,1,1,1.62,3.34783,0.553625,248.132,253.136,235.312,248.132,2.16354e+11,22.723,22.612,22.0662
590,1,1,0.43,1.04082,0.507976,185.488,188.567,185.488,183.855,7.3847e+10,20.4886,20.132,19.855
591,1,1,0.47,1,0.539105,202.304,209.513,202.304,199.385,9.80514e+10,20.2605,19.9845,19.7322
592,1,1,0.94,1.63158,0.530702,242.776,242.776,237.804,249.499,1.85219e+11,21.4487,21.1104,20.5865
593,1,1,1.25,1.94118,0.547566,281.994,280.438,281.994,310.943,2.72356e+11,21.5851,21.133,20.3932
594,1,1,0.647969,3.7619,0.523355,165.61,nan,nan,nan,7.47037e+10,20.1525,19.7615,19.2824
595,1,1,0.65,1.38095,0.513771,203.981,203.981,199.445,204.348,1.11405e+11,21.2243,20.8939,20.473
596,1,1,0.890324,1.38095,0.56971,272.199,nan,nan,nan,2.46251e+11,20.0265,19.601,18.9429
597,1,1,0.47,2.7037,0.554407,165.435,169.843,165.435,164.079,6.74309e+10,21.1722,20.8582,20.5786
598,1,1,1.67,4,0.516744,227.035,217.374,227.035,273.451,1.68979e+11,23.4655,22.8485,21.7253
599,1,1,0.731089,1.5641,0.594271,221.803,nan,nan,nan,1.59739e+11,20.0062,19.546,18.7871
600,1,1,0.92,3.54545,0.558502,188.805,188.371,188.805,205.388,1.17215e+11,22.4931,22.055,21.374
601,1,1,0.62,1.5641,0.56123,198.909,198.909,193.346,200.727,1.13354e+11,21.2091,20.9042,20.4261
602,1,1,1.11,1.77778,0.533203,265.338,260.432,265.338,292.31,2.30624e+11,21.5885,21.0794,20.3435
603,1,1,0.32,3.7619,0.502652,146.033,153.299,146.033,134.59,3.76131e+10,20.6368,20.4196,20.4585
604,1,1,1.31,3.34783,0.551194,218.874,218.483,218.874,237.481,1.66017e+11,22.7948,22.359,21.6892
605,1,1,0.71,4,0.522963,167.779,167.779,165.646,173.36,7.95362e+10,22.3063,21.9337,21.4207
606,1,1,0.65,1.77778,0.557442,194.517,196.395,191.205,194.517,1.09918e+11,21.3889,21.0771,20.6871
607,1,1,0.74,1.5641,0.595364,223.518,223.518,219.16,230.313,1.63255e+11,21.1702,20.8277,20.2967
608,1,1,0.53,1.27273,0.573313,201.15,205.215,200.179,201.15,1.09868e+11,20.6626,20.3424,20.006
609,1,1,1.1,1.85714,0.504786,247.554,244.006,247.554,271.644,1.89731e+11,21.8472,21.3565,20.6378
610,1,1,0.628613,1.08333,0.582916,242.591,nan,nan,nan,1.76199e+11,19.0118,18.6283,18.1443
611,1,1,0.64,1,0.580438,261.65,261.32,261.65,273.142,2.0571e+11,20.1076,19.674,19.1719
612,1,1,0.731089,1.43902,0.549823,221.803,nan,nan,nan,1.47791e+11,20.0062,19.546,18.7871
613,1,1,0.62,3.7619,0.58265,173.163,175.576,168.377,173.163,8.91881e+10,21.751,21.5048,21.0676
614,1,1,0.48,1.08333,0.612365,210.811,210.811,209.358,211.879,1.22343e+11,20.2882,19.8901,19.5228
615,1,1,0.49,2.22581,0.59089,176.208,177.095,174.042,176.208,8.3404e+10,21.0985,20.746,20.3768
616,1,1,0.640675,1.85714,0.540292,188.241,nan,nan,nan,9.91544e+10,19.6929,19.2562,18.6956
617,1,1,0.640675,2.125,0.575017,188.241,nan,nan,nan,1.05527e+11,19.6929,19.2562,18.6956
618,1,1,0.800644,1.38095,0.563969,245.611,nan,nan,nan,1.92008e+11,19.8114,19.3625,18.7076
619,1,1,1.27,1.94118,0.538222,284.508,309.157,284.508,234.809,2.73012e+11,21.2042,21.137,21.6554
620,1,1,2.03,2.84615,0.555062,350,461.455,440.441,328.324,4.25316e+11,20.7149,20.4892,21.4497
621,1,1,0.43,1.5,0.614124,185.488,188.567,185.488,183.855,8.92782e+10,20.4886,20.132,19.855
622,1,1,1.44,4,0.553483,217.69,214.93,217.69,239.646,1.66072e+11,23.1191,22.6356,21.9029
623,1,1,0.8,3.16667,0.535035,180.486,180.486,175.216,182.471,9.83375e+10,22.3061,22.0067,21.5151
624,1,1,0.48,1,0.572522,210.811,210.811,209.358,211.879,1.14383e+11,20.2882,19.8901,19.5228
625,1,1,0.56,3.34783,0.521874,162.446,164.901,157.612,162.446,6.70391e+10,21.7563,21.5246,21.078
626,1,1,0.72,1.94118,0.587532,202.946,202.946,194.633,204.394,1.31449e+11,21.5169,21.2705,20.7425
627,1,1,0.49,1.77778,0.550422,176.208,177.095,174.042,176.208,7.76919e+10,21.0985,20.746,20.3768
628,1,1,1.28,3.16667,0.511965,212.306,210.409,212.306,232.078,1.44737e+11,22.8964,22.4293,21.7272
629,1,1,0.62,3.7619,0.58265,173.163,175.576,168.377,173.163,8.91881e+10,21.751,21.5048,21.0676
630,1,1,0.731089,1.63158,0.615357,221.803,nan,nan,nan,1.65407e+11,20.0062,19.546,18.7871
631,1,1,0.640675,1.7027,0.515205,188.241,nan,nan,nan,9.45505e+10,19.6929,19.2562,18.6956
632,1,1,0.49,1.43902,0.502686,176.208,177.095,174.042,176.208,7.0954e+10,21.0985,20.746,20.3768
633,1,1,0.72,1.7027,0.540205,202.946,202.946,194.633,204.394,1.20861e+11,21.5169,21.2705,20.7425
634,1,1,0.731089,1.38095,0.526378,221.803,nan,nan,nan,1.41489e+11,20.0062,19.546,18.7871
635,1,1,0.94,1.7027,0.560353,242.776,242.776,237.804,249.499,1.95567e+11,21.4487,21.1104,20.5865
636,1,1,0.65,1.63158,0.582187,203.981,203.981,199.445,204.348,1.2624e+11,21.2243,20.8939,20.473
637,1,1,0.640675,2.125,0.575017,188.241,nan,nan,nan,1.05527e+11,19.6929,19.2562,18.6956
638,1,1,1.11,1.77778,0.533203,265.338,260.432,265.338,292.31,2.30624e+11,21.5885,21.0794,20.3435
639,1,1,1.03,1.5641,0.539839,276.379,276.379,271.484,285.06,2.49583e+11,21.1302,20.7797,20.2524
640,1,1,0.32,4,0.505315,146.033,153.299,146.033,134.59,3.78123e+10,20.6368,20.4196,20.4585
641,1,1,0.62,3.54545,0.575812,173.163,175.576,168.377,173.163,8.81414e+10,21.751,21.5048,21.0676
642,1,1,0.91,1.32558,0.515056,276.215,274.989,276.215,300.962,2.30663e+11,20.8209,20.3735,19.6855
643,1,1,0.65,1.63158,0.529416,194.517,196.395,191.205,194.517,1.04392e+11,21.3889,21.0771,20.6871
644,1,1,0.47,3.7619,0.585902,165.435,169.843,165.435,164.079,7.12615e+10,21.1722,20.8582,20.5786
645,1,1,1.44,3.7619,0.533747,217.69,214.93,217.69,239.646,1.6015e+11,23.1191,22.6356,21.9029
646,1,1,0.47,3.54545,0.580972,165.435,169.843,165.435,164.079,7.06619e+10,21.1722,20.8582,20.5786
647,1,1,1.17,2.84615,0.570288,221.826,221.826,221.239,234.342,1.73927e+11,22.4263,22.0097,21.4444
648,1,1,0.49,1.85714,0.559038,176.208,177.095,174.042,176.208,7.89082e+10,21.0985,20.746,20.3768
649,1,1,0.65,1.85714,0.570772,194.517,196.395,191.205,194.517,1.12547e+11,21.3889,21.0771,20.6871
650,1,1,0.43,1.17391,0.547522,185.488,188.567,185.488,183.855,7.9596e+10,20.4886,20.132,19.855
651,1,1,1.25,2.0303,0.590566,281.994,280.438,281.994,310.943,2.93744e+11,21.5851,21.133,20.3932
652,1,1,1.06,1.85714,0.615182,264.784,263.632,264.784,287.745,2.62634e+11,21.4121,20.9651,20.2885
653,1,1,1.09,2.33333,0.609531,238.044,237.981,238.044,257.943,2.11475e+11,21.9314,21.5021,20.8381
654,1,1,1.62,3.7619,0.610768,248.132,253.136,235.312,248.132,2.38686e+11,22.723,22.612,22.0662
655,1,1,0.47,3,0.565446,165.435,169.843,165.435,164.079,6.87735e+10,21.1722,20.8582,20.5786
656,1,1,0.47,2.0303,0.517279,165.435,169.843,165.435,164.079,6.2915e+10,21.1722,20.8582,20.5786
657,1,1,1.31,3.7619,0.590024,218.874,218.483,218.874,237.481,1.77712e+11,22.7948,22.359,21.6892
658,1,1,0.47,2.22581,0.530395,165.435,169.843,165.435,164.079,6.45103e+10,21.1722,20.8582,20.5786
659,1,1,0.921289,1.27273,0.500634,290.526,nan,nan,nan,2.48879e+11,19.869,19.3731,18.6196
660,1,1,0.49,1.63158,0.532305,176.208,177.095,174.042,176.208,7.51349e+10,21.0985,20.746,20.3768
661,1,1,0.65,1.94118,0.641856,203.981,203.981,199.445,204.348,1.39179e+11,21.2243,20.8939,20.473
662,1,1,0.91,1.63158,0.723327,276.215,274.989,276.215,300.962,3.23936e+11,20.8209,20.3735,19.6855
663,1,1,0.72,3.16667,0.717408,202.946,202.946,194.633,204.394,1.60507e+11,21.5169,21.2705,20.7425
664,1,1,0.640675,3.16667,0.653855,188.241,nan,nan,nan,1.19996e+11,19.6929,19.2562,18.6956
665,1,1,0.53,1.77778,0.685864,201.15,205.215,200.179,201.15,1.31437e+11,20.6626,20.3424,20.006
666,1,1,0.72,3.16667,0.717408,202.946,202.946,194.633,204.394,1.60507e+11,21.5169,21.2705,20.7425
667,1,1,0.49,2.84615,0.625715,176.208,177.095,174.042,176.208,8.83196e+10,21.0985,20.746,20.3768
668,1,1,0.62,2.7037,0.711145,198.909,198.909,193.346,200.727,1.43633e+11,21.2091,20.9042,20.4261
669,1,1,2.03,3.16667,0.694667,350,461.455,440.441,328.324,5.32288e+11,20.7149,20.4892,21.4497
670,1,1,0.18,2.0303,0.703479,168.667,178.219,168.667,143.417,4.58342e+10,18.5693,18.3804,18.7693
671,1,1,1.17,3.54545,0.647916,221.826,221.826,221.239,234.342,1.97602e+11,22.4263,22.0097,21.4444
672,1,1,0.63,1.17391,0.683923,250.356,250.356,247.723,260.453,2.2039e+11,20.2522,19.8701,19.337
673,1,1,0.49,3.16667,0.638361,176.208,177.095,174.042,176.208,9.01046e+10,21.0985,20.746,20.3768
674,1,1,1.17,4,0.684006,221.826,221.826,221.239,234.342,2.08608e+11,22.4263,22.0097,21.4444
675,1,1,1.62,4,0.638368,248.132,253.136,235.312,248.132,2.49472e+11,22.723,22.612,22.0662
676,1,1,0.65,2.22581,0.620046,194.517,196.395,191.205,194.517,1.22263e+11,21.3889,21.0771,20.6871
677,1,1,0.49,3.7619,0.656184,176.208,177.095,174.042,176.208,9.26203e+10,21.0985,20.746,20.3768
678,1,1,0.62,2.22581,0.6672,198.909,198.909,193.346,200.727,1.34757e+11,21.2091,20.9042,20.4261
679,1,1,0.18,2.7037,0.719445,168.667,178.219,168.667,143.417,4.68744e+10,18.5693,18.3804,18.7693
680,1,1,1.06,1.94118,0.650065,264.784,263.632,264.784,287.745,2.77527e+11,21.4121,20.9651,20.2885
681,1,1,0.800644,1.7027,0.708044,245.611,nan,nan,nan,2.41059e+11,19.8114,19.3625,18.7076
682,1,1,0.62,2.22581,0.6672,198.909,198.909,193.346,200.727,1.34757e+11,21.2091,20.9042,20.4261
683,1,1,1.62,4,0.638368,248.132,253.136,235.312,248.132,2.49472e+11,22.723,22.612,22.0662
684,1,1,0.49,3.54545,0.650384,176.208,177.095,174.042,176.208,9.18017e+10,21.0985,20.746,20.3768
685,1,1,2.03,3.16667,0.694667,350,461.455,440.441,328.324,5.32288e+11,20.7149,20.4892,21.4497
686,1,1,0.48,1.38095,0.714563,210.811,210.811,209.358,211.879,1.42761e+11,20.2882,19.8901,19.5228
687,1,1,0.800644,1.5641,0.653417,245.611,nan,nan,nan,2.22461e+11,19.8114,19.3625,18.7076
688,1,1,0.731089,1.7027,0.635734,221.803,nan,nan,nan,1.70884e+11,20.0062,19.546,18.7871
689,1,1,0.65,2.33333,0.694391,203.981,203.981,199.445,204.348,1.5057e+11,21.2243,20.8939,20.473
690,1,1,1.17,3.7619,0.666166,221.826,221.826,221.239,234.342,2.03167e+11,22.4263,22.0097,21.4444
691,1,1,0.65,3.34783,0.702897,194.517,196.395,191.205,194.517,1.386e+11,21.3889,21.0771,20.6871
692,1,1,0.9,1.5,0.637713,272.057,268.894,272.057,300.441,2.76206e+11,20.8887,20.4099,19.6635
693,1,1,0.38,1.38095,0.727177,198.479,203.197,198.479,194.591,1.12351e+11,19.8478,19.5217,19.2922
694,1,1,0.787369,1.17391,0.670958,301.487,nan,nan,nan,3.42241e+11,19.6921,19.2656,18.6834
695,1,1,0.18,3.34783,0.728697,168.667,178.219,168.667,143.417,4.74772e+10,18.5693,18.3804,18.7693
696,1,1,0.49,3.7619,0.656184,176.208,177.095,174.042,176.208,9.26203e+10,21.0985,20.746,20.3768
697,1,1,0.97,1.85714,0.729396,269.661,263.932,269.661,299.638,3.16585e+11,21.1698,20.6484,19.8752
698,1,1,0.74,1.85714,0.677632,223.518,223.518,219.16,230.313,1.85814e+11,21.1702,20.8277,20.2967
699,1,1,2.03,3.16667,0.694667,350,461.455,440.441,328.324,5.32288e+11,20.7149,20.4892,21.4497
700,1,1,0.38,1.17391,0.679974,198.479,203.197,198.479,194.591,1.05058e+11,19.8478,19.5217,19.2922
701,1,1,0.18,3.54545,0.730868,168.667,178.219,168.667,143.417,4.76187e+10,18.5693,18.3804,18.7693
702,1,1,1.11,2.22581,0.708811,265.338,260.432,265.338,292.31,3.06578e+11,21.5885,21.0794,20.3435
703,1,1,0.71,1.17391,0.639514,265.461,265.461,263.91,280.03,2.43484e+11,20.3136,19.911,19.3381
704,1,1,0.71,1.17391,0.64033,265.631,264.28,265.631,283.504,2.44106e+11,20.333,19.8828,19.2846
705,1,1,0.47,1.63158,0.718664,202.304,209.513,202.304,199.385,1.30709e+11,20.2605,19.9845,19.7322
706,1,1,0.47,1.5,0.694005,202.304,209.513,202.304,199.385,1.26224e+11,20.2605,19.9845,19.7322
707,1,1,0.18,1.12766,0.6513,168.667,178.219,168.667,143.417,4.24346e+10,18.5693,18.3804,18.7693
708,1,1,0.65,2.44828,0.642523,194.517,196.395,191.205,194.517,1.26695e+11,21.3889,21.0771,20.6871
709,1,1,0.640675,2.7037,0.626331,188.241,nan,nan,nan,1.14944e+11,19.6929,19.2562,18.6956
710,1,1,0.49,3.7619,0.656184,176.208,177.095,174.042,176.208,9.26203e+10,21.0985,20.746,20.3768
711,1,1,0.64,1.04082,0.620406,261.65,261.32,261.65,273.142,2.19875e+11,20.1076,19.674,19.1719
712,1,1,0.890324,1.63158,0.725952,272.199,nan,nan,nan,3.13786e+11,20.0265,19.601,18.9429
713,1,1,0.97,1.77778,0.694362,269.661,263.932,269.661,299.638,3.01379e+11,21.1698,20.6484,19.8752
714,1,1,0.62,3,0.731345,198.909,198.909,193.346,200.727,1.47713e+11,21.2091,20.9042,20.4261
715,1,1,0.43,2.33333,0.698492,185.488,188.567,185.488,183.855,1.01543e+11,20.4886,20.132,19.855
716,1,1,0.65,2.33333,0.694391,203.981,203.981,199.445,204.348,1.5057e+11,21.2243,20.8939,20.473
717,1,1,0.842398,1.7027,0.723344,255.861,nan,nan,nan,2.717e+11,19.9214,19.5254,18.8707
718,1,1,1.11,2.0303,0.641861,265.338,260.432,265.338,292.31,2.77621e+11,21.5885,21.0794,20.3435
719,1,1,0.49,3.54545,0.650384,176.208,177.095,174.042,176.208,9.18017e+10,21.0985,20.746,20.3768
720,1,1,0.43,1.63158,0.633297,185.488,188.567,185.488,183.855,9.20656e+10,20.4886,20.132,19.855
721,1,1,1.17,3.7619,0.666166,221.826,221.826,221.239,234.342,2.03167e+11,22.4263,22.0097,21.4444
722,1,1,0.65,1,0.641526,279.414,279.414,277.385,290.285,2.61015e+11,19.8577,19.4613,18.9485
723,1,1,0.731089,1.94118,0.692959,221.803,nan,nan,nan,1.86266e+11,20.0062,19.546,18.7871
724,1,1,0.800644,1.63158,0.681197,245.611,nan,nan,nan,2.31919e+11,19.8114,19.3625,18.7076
725,1,1,0.921289,1.43902,0.650484,290.526,nan,nan,nan,3.23374e+11,19.869,19.3731,18.6196
726,1,1,2.03,3.16667,0.694667,350,461.455,440.441,328.324,5.32288e+11,20.7149,20.4892,21.4497
727,1,1,0.62,2.57143,0.700625,198.909,198.909,193.346,200.727,1.41508e+11,21.2091,20.9042,20.4261
728,1,1,0.97,1.63158,0.620709,269.661,263.932,269.661,299.638,2.69411e+11,21.1698,20.6484,19.8752
729,1,1,0.65,1.85714,0.627665,203.981,203.981,199.445,204.348,1.36102e+11,21.2243,20.8939,20.473
730,1,1,0.65,2.84615,0.67392,194.517,196.395,191.205,194.517,1.32886e+11,21.3889,21.0771,20.6871
731,1,1,0.91,1.5,0.644434,276.215,274.989,276.215,300.962,2.88604e+11,20.8209,20.3735,19.6855
732,1,1,0.72,2.33333,0.644036,202.946,202.946,194.633,204.394,1.44091e+11,21.5169,21.2705,20.7425
733,1,1,0.47,1.7027,0.730373,202.304,209.513,202.304,199.385,1.32839e+11,20.2605,19.9845,19.7322
734,1,1,0.43,1.7027,0.642401,185.488,188.567,185.488,183.855,9.33891e+10,20.4886,20.132,19.855
735,1,1,0.800644,1.5,0.624655,245.611,nan,nan,nan,2.12669e+11,19.8114,19.3625,18.7076
736,1,1,0.65,1.94118,0.641856,203.981,203.981,199.445,204.348,1.39179e+11,21.2243,20.8939,20.473
737,1,1,0.62,2.7037,0.711145,198.909,198.909,193.346,200.727,1.43633e+11,21.2091,20.9042,20.4261
738,1,1,0.65,4,0.729825,194.517,196.395,191.205,194.517,1.4391e+11,21.3889,21.0771,20.6871
739,1,1,0.72,3,0.705989,202.946,202.946,194.633,204.394,1.57952e+11,21.5169,21.2705,20.7425
740,1,1,1.09,2.44828,0.63421,238.044,237.981,238.044,257.943,2.20037e+11,21.9314,21.5021,20.8381
741,1,1,0.65,2.84615,0.67392,194.517,196.395,191.205,194.517,1.32886e+11,21.3889,21.0771,20.6871
742,1,1,1.03,1.7027,0.623468,276.379,276.379,271.484,285.06,2.88247e+11,21.1302,20.7797,20.2524
743,1,1,0.18,4,0.73506,168.667,178.219,168.667,143.417,4.78918e+10,18.5693,18.3804,18.7693
744,1,1,0.65,1.17391,0.732907,264.904,264.904,263.979,274.639,2.68029e+11,20.0893,19.6764,19.1891
745,1,1,0.38,1.22222,0.692457,198.479,203.197,198.479,194.591,1.06987e+11,19.8478,19.5217,19.2922
746,1,1,1.27,2.22581,0.666935,284.508,309.157,284.508,234.809,3.38302e+11,21.2042,21.137,21.6554
747,1,1,0.49,3.54545,0.650384,176.208,177.095,174.042,176.208,9.18017e+10,21.0985,20.746,20.3768
748,1,1,0.640675,3.7619,0.679371,188.241,nan,nan,nan,1.24678e+11,19.6929,19.2562,18.6956
749,1,1,0.49,4,0.661853,176.208,177.095,174.042,176.208,9.34205e+10,21.0985,20.746,20.3768
750,1,1,1.09,2.84615,0.704186,238.044,237.981,238.044,257.943,2.44315e+11,21.9314,21.5021,20.8381
751,1,1,0.62,2.7037,0.711145,198.909,198.909,193.346,200.727,1.43633e+11,21.2091,20.9042,20.4261
752,1,1,0.18,1.77778,0.694326,168.667,178.219,168.667,143.417,4.52378e+10,18.5693,18.3804,18.7693
753,1,1,0.628613,1.32558,0.727336,242.591,nan,nan,nan,2.19853e+11,19.0118,18.6283,18.1443
754,1,1,0.18,1.5,0.680612,168.667,178.219,168.667,143.417,4.43443e+10,18.5693,18.3804,18.7693
755,1,1,0.74,1.85714,0.677632,223.518,223.518,219.16,230.313,1.85814e+11,21.1702,20.8277,20.2967
756,1,1,0.43,2.57143,0.712442,185.488,188.567,185.488,183.855,1.03571e+11,20.4886,20.132,19.855
757,1,1,0.640675,2.7037,0.626331,188.241,nan,nan,nan,1.14944e+11,19.6929,19.2562,18.6956
758,1,1,0.640675,4,0.687487,188.241,nan,nan,nan,1.26168e+11,19.6929,19.2562,18.6956
759,1,1,0.731089,2.0303,0.710838,221.803,nan,nan,nan,1.91072e+11,20.0062,19.546,18.7871
760,1,1,0.725437,1.04082,0.627696,300.684,nan,nan,nan,3.0916e+11,19.6692,19.2502,18.6844
761,1,1,0.890324,1.5641,0.688927,272.199,nan,nan,nan,2.97782e+11,20.0265,19.601,18.9429
762,1,1,1.11,2.125,0.675848,265.338,260.432,265.338,292.31,2.92321e+11,21.5885,21.0794,20.3435
763,1,1,1.09,2.84615,0.704186,238.044,237.981,238.044,257.943,2.44315e+11,21.9314,21.5021,20.8381
764,1,1,1.62,4,0.638368,248.132,253.136,235.312,248.132,2.49472e+11,22.723,22.612,22.0662
765,1,1,0.53,1.94118,0.709507,201.15,205.215,200.179,201.15,1.35968e+11,20.6626,20.3424,20.006
766,1,1,0.731089,2.0303,0.710838,221.803,nan,nan,nan,1.91072e+11,20.0062,19.546,18.7871
767,1,1,0.18,4,0.73506,168.667,178.219,168.667,143.417,4.78918e+10,18.5693,18.3804,18.7693
768,1,1,0.53,1.94118,0.709507,201.15,205.215,200.179,201.15,1.35968e+11,20.6626,20.3424,20.006
769,1,1,0.65,2.33333,0.63145,194.517,196.395,191.205,194.517,1.24511e+11,21.3889,21.0771,20.6871
770,1,1,0.94,2.125,0.694852,242.776,242.776,237.804,249.499,2.42508e+11,21.4487,21.1104,20.5865
771,1,1,0.842398,1.7027,0.723344,255.861,nan,nan,nan,2.717e+11,19.9214,19.5254,18.8707
772,1,1,0.18,2.22581,0.709119,168.667,178.219,168.667,143.417,4.62017e+10,18.5693,18.3804,18.7693
773,1,1,1.18,2.57143,0.680354,252.995,251.326,252.995,278.489,2.70254e+11,21.9068,21.45,20.7176
774,1,1,0.49,3.16667,0.638361,176.208,177.095,174.042,176.208,9.01046e+10,21.0985,20.746,20.3768
775,1,1,0.731089,1.94118,0.692959,221.803,nan,nan,nan,1.86266e+11,20.0062,19.546,18.7871
776,1,1,0.18,2.33333,0.711814,168.667,178.219,168.667,143.417,4.63772e+10,18.5693,18.3804,18.7693
777,1,1,0.731089,1.85714,0.674503,221.803,nan,nan,nan,1.81305e+11,20.0062,19.546,18.7871
778,1,1,0.53,1.5,0.633565,201.15,205.215,200.179,201.15,1.21415e+11,20.6626,20.3424,20.006
779,1,1,0.640675,3.7619,0.679371,188.241,nan,nan,nan,1.24678e+11,19.6929,19.2562,18.6956
780,1,1,1.03,1.77778,0.663211,276.379,276.379,271.484,285.06,3.06621e+11,21.1302,20.7797,20.2524
781,1,1,0.640675,2.84615,0.63575,188.241,nan,nan,nan,1.16673e+11,19.6929,19.2562,18.6956
782,1,1,0.82,1.43902,0.699556,271.295,271.295,264.366,279.979,2.92892e+11,20.6019,20.2862,19.7216
783,1,1,0.18,1.27273,0.664814,168.667,178.219,168.667,143.417,4.3315e+10,18.5693,18.3804,18.7693
784,1,1,0.808909,1.32558,0.7047,285.315,nan,nan,nan,3.2487e+11,19.8811,19.4247,18.7504
785,1,1,0.43,2.22581,0.691206,185.488,188.567,185.488,183.855,1.00484e+11,20.4886,20.132,19.855
786,1,1,0.43,2.125,0.683697,185.488,188.567,185.488,183.855,9.93925e+10,20.4886,20.132,19.855
787,1,1,2.03,3,0.625773,350,461.455,440.441,328.324,4.79498e+11,20.7149,20.4892,21.4497
788,1,1,0.94,2.22581,0.719306,242.776,242.776,237.804,249.499,2.51043e+11,21.4487,21.1104,20.5865
789,1,1,0.94,1.32558,0.683668,331.878,331.878,330.056,350.781,4.45888e+11,20.0909,19.6867,19.1069
790,1,1,0.640675,2.84615,0.63575,188.241,nan,nan,nan,1.16673e+11,19.6929,19.2562,18.6956
791,1,1,1.18,2.57143,0.680354,252.995,251.326,252.995,278.489,2.70254e+11,21.9068,21.45,20.7176
792,1,1,1.1,2.33333,0.651992,247.554,244.006,247.554,271.644,2.4506e+11,21.8472,21.3565,20.6378
793,1,1,0.65,3.34783,0.702897,194.517,196.395,191.205,194.517,1.386e+11,21.3889,21.0771,20.6871
794,1,1,0.72,2.57143,0.669858,202.946,202.946,194.633,204.394,1.49868e+11,21.5169,21.2705,20.7425
795,1,1,0.49,3.7619,0.656184,176.208,177.095,174.042,176.208,9.26203e+10,21.0985,20.746,20.3768
796,1,1,1.06,2.0303,0.683857,264.784,263.632,264.784,287.745,2.91953e+11,21.4121,20.9651,20.2885
797,1,1,0.38,1.17391,0.679974,198.479,203.197,198.479,194.591,1.05058e+11,19.8478,19.5217,19.2922
798,1,1,1.1,2.7037,0.730336,247.554,244.006,247.554,271.644,2.74507e+11,21.8472,21.3565,20.6378
799,1,1,0.65,2.84615,0.67392,194.517,196.395,191.205,194.517,1.32886e+11,21.3889,21.0771,20.6871
800,1,1,1.06,2.125,0.716609,264.784,263.632,264.784,287.745,3.05936e+11,21.4121,20.9651,20.2885
801,1,1,0.38,1.27273,0.704468,198.479,203.197,198.479,194.591,1.08843e+11,19.8478,19.5217,19.2922
802,1,1,0.94,1.94118,0.643621,242.776,242.776,237.804,249.499,2.24628e+11,21.4487,21.1104,20.5865
803,1,1,0.48,1.22222,0.666414,210.811,210.811,209.358,211.879,1.33142e+11,20.2882,19.8901,19.5228
804,1,1,0.642273,1.17391,0.718529,260.062,nan,nan,nan,2.51953e+11,19.0334,18.5873,18.0938
805,1,1,0.18,1.77778,0.694326,168.667,178.219,168.667,143.417,4.52378e+10,18.5693,18.3804,18.7693
806,1,1,0.53,1.85714,0.697877,201.15,205.215,200.179,201.15,1.33739e+11,20.6626,20.3424,20.006
807,1,1,1.09,3,0.72627,238.044,237.981,238.044,257.943,2.51977e+11,21.9314,21.5021,20.8381
808,1,1,1.06,2.125,0.716609,264.784,263.632,264.784,287.745,3.05936e+11,21.4121,20.9651,20.2885
809,1,1,0.642273,1.17391,0.718529,260.062,nan,nan,nan,2.51953e+11,19.0334,18.5873,18.0938
810,1,1,2.03,3.16667,0.694667,350,461.455,440.441,328.324,5.32288e+11,20.7149,20.4892,21.4497
811,1,1,0.62,1.94118,0.630625,198.909,198.909,193.346,200.727,1.2737e+11,21.2091,20.9042,20.4261
812,1,1,0.48,1.32558,0.69911,210.811,210.811,209.358,211.879,1.39674e+11,20.2882,19.8901,19.5228
813,1,1,0.731089,1.77778,0.655438,221.803,nan,nan,nan,1.7618e+11,20.0062,19.546,18.7871
814,1,1,0.725437,1.08333,0.68377,300.684,nan,nan,nan,3.36778e+11,19.6692,19.2502,18.6844
815,1,1,0.640675,4,0.687487,188.241,nan,nan,nan,1.26168e+11,19.6929,19.2562,18.6956
816,1,1,0.800644,1.63158,0.681197,245.611,nan,nan,nan,2.31919e+11,19.8114,19.3625,18.7076
817,1,1,0.65,2.44828,0.706568,203.981,203.981,199.445,204.348,1.53211e+11,21.2243,20.8939,20.473
818,1,1,0.18,1.08333,0.646429,168.667,178.219,168.667,143.417,4.21172e+10,18.5693,18.3804,18.7693
819,1,1,0.43,1.85714,0.659722,185.488,188.567,185.488,183.855,9.5907e+10,20.4886,20.132,19.855
820,1,1,0.82,1.38095,0.661162,271.295,271.295,264.366,279.979,2.76817e+11,20.6019,20.2862,19.7216
821,1,1,0.38,1.32558,0.716034,198.479,203.197,198.479,194.591,1.10629e+11,19.8478,19.5217,19.2922
822,1,1,1.09,2.7037,0.681503,238.044,237.981,238.044,257.943,2.36446e+11,21.9314,21.5021,20.8381
823,1,1,0.642273,1.12766,0.683467,260.062,nan,nan,nan,2.39659e+11,19.0334,18.5873,18.0938
824,1,1,1.25,2.22581,0.672666,281.994,280.438,281.994,310.943,3.3458e+11,21.5851,21.133,20.3932
825,1,1,1.09,2.84615,0.704186,238.044,237.981,238.044,257.943,2.44315e+11,21.9314,21.5021,20.8381
826,1,1,2.03,3.16667,0.694667,350,461.455,440.441,328.324,5.32288e+11,20.7149,20.4892,21.4497
827,1,1,0.64,1.17391,0.73097,261.65,261.32,261.65,273.142,2.59059e+11,20.1076,19.674,19.1719
828,1,1,1.17,3.7619,0.666166,221.826,221.826,221.239,234.342,2.03167e+11,22.4263,22.0097,21.4444
829,1,1,0.74,2.0303,0.71489,223.518,223.518,219.16,230.313,1.96031e+11,21.1702,20.8277,20.2967
830,1,1,0.18,3,0.724191,168.667,178.219,168.667,143.417,4.71837e+10,18.5693,18.3804,18.7693
831,1,1,1.18,2.84615,0.735285,252.995,251.326,252.995,278.489,2.92074e+11,21.9068,21.45,20.7176
832,1,1,1.18,2.7037,0.708196,252.995,251.326,252.995,278.489,2.81313e+11,21.9068,21.45,20.7176
833,1,1,0.18,2.0303,0.703479,168.667,178.219,168.667,143.417,4.58342e+10,18.5693,18.3804,18.7693
834,1,1,0.53,1.94118,0.709507,201.15,205.215,200.179,201.15,1.35968e+11,20.6626,20.3424,20.006
835,1,1,2.03,3.16667,0.694667,350,461.455,440.441,328.324,5.32288e+11,20.7149,20.4892,21.4497
836,1,1,0.43,1.63158,0.633297,185.488,188.567,185.488,183.855,9.20656e+10,20.4886,20.132,19.855
837,1,1,0.48,1.27273,0.683071,210.811,210.811,209.358,211.879,1.3647e+11,20.2882,19.8901,19.5228
838,1,1,1.18,2.84615,0.735285,252.995,251.326,252.995,278.489,2.92074e+11,21.9068,21.45,20.7176
839,1,1,0.787369,1.22222,0.724334,301.487,nan,nan,nan,3.69467e+11,19.6921,19.2656,18.6834
840,1,1,0.82,1.5,0.736594,271.295,271.295,264.366,279.979,3.08399e+11,20.6019,20.2862,19.7216
841,1,1,1.62,4,0.638368,248.132,253.136,235.312,248.132,2.49472e+11,22.723,22.612,22.0662
842,1,1,0.74,2.0303,0.71489,223.518,223.518,219.16,230.313,1.96031e+11,21.1702,20.8277,20.2967
843,1,1,0.49,3.16667,0.638361,176.208,177.095,174.042,176.208,9.01046e+10,21.0985,20.746,20.3768
844,1,1,0.18,3.7619,0.732988,168.667,178.219,168.667,143.417,4.77568e+10,18.5693,18.3804,18.7693
845,1,1,0.921289,1.5,0.696909,290.526,nan,nan,nan,3.46453e+11,19.869,19.3731,18.6196
846,1,1,0.65,1.17391,0.732907,264.904,264.904,263.979,274.639,2.68029e+11,20.0893,19.6764,19.1891
847,1,1,0.65,2.44828,0.642523,194.517,196.395,191.205,194.517,1.26695e+11,21.3889,21.0771,20.6871
848,1,1,0.38,1,0.624753,198.479,203.197,198.479,194.591,9.65263e+10,19.8478,19.5217,19.2922
849,1,1,0.642273,1.08333,0.646981,260.062,nan,nan,nan,2.26865e+11,19.0334,18.5873,18.0938
850,1,1,0.43,2.84615,0.725629,185.488,188.567,185.488,183.855,1.05488e+11,20.4886,20.132,19.855
851,1,1,0.642273,1.08333,0.646981,260.062,nan,nan,nan,2.26865e+11,19.0334,18.5873,18.0938
852,1,1,1.06,2.125,0.716609,264.784,263.632,264.784,287.745,3.05936e+11,21.4121,20.9651,20.2885
853,1,1,0.18,3.54545,0.730868,168.667,178.219,168.667,143.417,4.76187e+10,18.5693,18.3804,18.7693
854,1,1,0.43,2.7037,0.719126,185.488,188.567,185.488,183.855,1.04543e+11,20.4886,20.132,19.855
855,1,1,0.18,3.34783,0.728697,168.667,178.219,168.667,143.417,4.74772e+10,18.5693,18.3804,18.7693
856,1,1,0.65,1.04082,0.687689,279.414,279.414,277.385,290.285,2.79797e+11,19.8577,19.4613,18.9485
857,1,1,1.17,3.34783,0.629231,221.826,221.826,221.239,234.342,1.91903e+11,22.4263,22.0097,21.4444
858,1,1,0.43,1.7027,0.642401,185.488,188.567,185.488,183.855,9.33891e+10,20.4886,20.132,19.855
859,1,1,0.18,3.34783,0.728697,168.667,178.219,168.667,143.417,4.74772e+10,18.5693,18.3804,18.7693
860,1,1,1.09,2.7037,0.681503,238.044,237.981,238.044,257.943,2.36446e+11,21.9314,21.5021,20.8381
861,1,1,0.74,1.77778,0.658083,223.518,223.518,219.16,230.313,1.80454e+11,21.1702,20.8277,20.2967
862,1,1,1.1,2.7037,0.730336,247.554,244.006,247.554,271.644,2.74507e+11,21.8472,21.3565,20.6378
863,1,1,0.82,1.38095,0.661162,271.295,271.295,264.366,279.979,2.76817e+11,20.6019,20.2862,19.7216
864,1,1,0.921289,1.43902,0.650484,290.526,nan,nan,nan,3.23374e+11,19.869,19.3731,18.6196
865,1,1,0.65,1.17391,0.732907,264.904,264.904,263.979,274.639,2.68029e+11,20.0893,19.6764,19.1891
866,1,1,0.921289,1.5,0.696909,290.526,nan,nan,nan,3.46453e+11,19.869,19.3731,18.6196
867,1,1,0.43,2.57143,0.712442,185.488,188.567,185.488,183.855,1.03571e+11,20.4886,20.132,19.855
868,1,1,0.43,3.16667,0.738129,185.488,188.567,185.488,183.855,1.07306e+11,20.4886,20.132,19.855
869,1,1,0.800644,1.77778,0.734004,245.611,nan,nan,nan,2.49897e+11,19.8114,19.3625,18.7076
870,1,1,0.74,1.85714,0.677632,223.518,223.518,219.16,230.313,1.85814e+11,21.1702,20.8277,20.2967
871,1,1,0.53,1.7027,0.673448,201.15,205.215,200.179,201.15,1.29058e+11,20.6626,20.3424,20.006
872,1,1,0.62,2.0303,0.643197,198.909,198.909,193.346,200.727,1.29909e+11,21.2091,20.9042,20.4261
873,1,1,0.65,1.12766,0.696169,264.904,264.904,263.979,274.639,2.54593e+11,20.0893,19.6764,19.1891
874,1,1,1.03,1.77778,0.663211,276.379,276.379,271.484,285.06,3.06621e+11,21.1302,20.7797,20.2524
875,1,1,0.640675,2.84615,0.63575,188.241,nan,nan,nan,1.16673e+11,19.6929,19.2562,18.6956
876,1,1,1.62,4,0.638368,248.132,253.136,235.312,248.132,2.49472e+11,22.723,22.612,22.0662
877,1,1,0.65,1.12766,0.696169,264.904,264.904,263.979,274.639,2.54593e+11,20.0893,19.6764,19.1891
878,1,1,0.62,2.44828,0.689805,198.909,198.909,193.346,200.727,1.39323e+11,21.2091,20.9042,20.4261
879,1,1,0.65,2.22581,0.68185,203.981,203.981,199.445,204.348,1.47851e+11,21.2243,20.8939,20.473
880,1,1,0.43,1.63158,0.633297,185.488,188.567,185.488,183.855,9.20656e+10,20.4886,20.132,19.855
881,1,1,1.06,1.94118,0.650065,264.784,263.632,264.784,287.745,2.77527e+11,21.4121,20.9651,20.2885
882,1,1,0.18,1.43902,0.676875,168.667,178.219,168.667,143.417,4.41009e+10,18.5693,18.3804,18.7693
883,1,1,0.72,3.16667,0.717408,202.946,202.946,194.633,204.394,1.60507e+11,21.5169,21.2705,20.7425
884,1,1,0.18,1,0.63607,168.667,178.219,168.667,143.417,4.14422e+10,18.5693,18.3804,18.7693
885,1,1,0.65,1.94118,0.641856,203.981,203.981,199.445,204.348,1.39179e+11,21.2243,20.8939,20.473
886,1,1,0.43,1.63158,0.633297,185.488,188.567,185.488,183.855,9.20656e+10,20.4886,20.132,19.855
887,1,1,0.43,1.94118,0.667968,185.488,188.567,185.488,183.855,9.71058e+10,20.4886,20.132,19.855
888,1,1,0.9,1.5641,0.676323,272.057,268.894,272.057,300.441,2.92929e+11,20.8887,20.4099,19.6635
889,1,1,0.63,1.22222,0.714675,250.356,250.356,247.723,260.453,2.30299e+11,20.2522,19.8701,19.337
890,1,1,0.53,1.77778,0.685864,201.15,205.215,200.179,201.15,1.31437e+11,20.6626,20.3424,20.006
891,1,1,0.49,3.7619,0.656184,176.208,177.095,174.042,176.208,9.26203e+10,21.0985,20.746,20.3768
892,1,1,0.64,1.17391,0.73097,261.65,261.32,261.65,273.142,2.59059e+11,20.1076,19.674,19.1719
893,1,1,0.18,1.38095,0.673002,168.667,178.219,168.667,143.417,4.38485e+10,18.5693,18.3804,18.7693
894,1,1,0.842398,1.5641,0.661679,255.861,nan,nan,nan,2.48537e+11,19.9214,19.5254,18.8707
895,1,1,0.43,2.0303,0.675955,185.488,188.567,185.488,183.855,9.8267e+10,20.4886,20.132,19.855
896,1,1,0.62,2.84615,0.72138,198.909,198.909,193.346,200.727,1.457e+11,21.2091,20.9042,20.4261
897,1,1,0.49,2.84615,0.625715,176.208,177.095,174.042,176.208,8.83196e+10,21.0985,20.746,20.3768
898,1,1,0.65,3.16667,0.693484,194.517,196.395,191.205,194.517,1.36744e+11,21.3889,21.0771,20.6871
899,1,1,0.97,1.63158,0.620709,269.661,263.932,269.661,299.638,2.69411e+11,21.1698,20.6484,19.8752
900,1,1,0.731089,1.7027,0.635734,221.803,nan,nan,nan,1.70884e+11,20.0062,19.546,18.7871
901,1,1,0.65,2.22581,0.620046,194.517,196.395,191.205,194.517,1.22263e+11,21.3889,21.0771,20.6871
902,1,1,0.642273,1.12766,0.683467,260.062,nan,nan,nan,2.39659e+11,19.0334,18.5873,18.0938
903,1,1,0.640675,3.16667,0.653855,188.241,nan,nan,nan,1.19996e+11,19.6929,19.2562,18.6956
904,1,1,0.53,2.0303,0.720773,201.15,205.215,200.179,201.15,1.38127e+11,20.6626,20.3424,20.006
905,1,1,1.03,1.7027,0.623468,276.379,276.379,271.484,285.06,2.88247e+11,21.1302,20.7797,20.2524
906,1,1,1.03,1.7027,0.623468,276.379,276.379,271.484,285.06,2.88247e+11,21.1302,20.7797,20.2524
907,1,1,0.65,1.85714,0.627665,203.981,203.981,199.445,204.348,1.36102e+11,21.2243,20.8939,20.473
908,1,1,0.725437,1.04082,0.627696,300.684,nan,nan,nan,3.0916e+11,19.6692,19.2502,18.6844
909,1,1,1.1,2.22581,0.624326,247.554,244.006,247.554,271.644,2.34662e+11,21.8472,21.3565,20.6378
910,1,1,0.18,2.44828,0.71443,168.667,178.219,168.667,143.417,4.65477e+10,18.5693,18.3804,18.7693
911,1,1,0.63,1.5,0.852203,250.356,250.356,247.723,260.453,2.74617e+11,20.2522,19.8701,19.337
912,1,1,0.97,2.22581,0.858892,269.661,263.932,269.661,299.638,3.72791e+11,21.1698,20.6484,19.8752
913,1,1,0.890324,1.77778,0.796334,272.199,nan,nan,nan,3.44207e+11,20.0265,19.601,18.9429
914,1,1,0.53,2.33333,0.75256,201.15,205.215,200.179,201.15,1.44219e+11,20.6626,20.3424,20.006
915,1,1,0.94,2.57143,0.788472,242.776,242.776,237.804,249.499,2.75182e+11,21.4487,21.1104,20.5865
916,1,1,1.1,3.54545,0.847611,247.554,244.006,247.554,271.644,3.18587e+11,21.8472,21.3565,20.6378
917,1,1,0.9,1.85714,0.818216,272.057,268.894,272.057,300.441,3.54386e+11,20.8887,20.4099,19.6635
918,1,1,0.38,2.33333,0.834814,198.479,203.197,198.479,194.591,1.28981e+11,19.8478,19.5217,19.2922
919,1,1,0.38,2.57143,0.849121,198.479,203.197,198.479,194.591,1.31192e+11,19.8478,19.5217,19.2922
920,1,1,0.53,2.22581,0.742283,201.15,205.215,200.179,201.15,1.42249e+11,20.6626,20.3424,20.006
921,1,1,0.94,2.44828,0.766082,242.776,242.776,237.804,249.499,2.67367e+11,21.4487,21.1104,20.5865
922,1,1,0.94,2.84615,0.831421,242.776,242.776,237.804,249.499,2.90171e+11,21.4487,21.1104,20.5865
923,1,1,1.06,2.33333,0.779199,264.784,263.632,264.784,287.745,3.32656e+11,21.4121,20.9651,20.2885
924,1,1,0.38,2.22581,0.827341,198.479,203.197,198.479,194.591,1.27827e+11,19.8478,19.5217,19.2922
925,1,1,0.31382,1.43902,0.842526,203.51,nan,nan,nan,1.20838e+11,18.8552,18.4503,18.2574
926,1,1,0.731089,2.22581,0.744973,221.803,nan,nan,nan,2.00247e+11,20.0062,19.546,18.7871
927,1,1,0.63,1.38095,0.800208,250.356,250.356,247.723,260.453,2.57862e+11,20.2522,19.8701,19.337
928,1,1,0.243997,1.38095,0.844746,196.269,nan,nan,nan,9.42544e+10,18.1146,17.7083,17.8115
929,1,1,0.43,3.54545,0.750013,185.488,188.567,185.488,183.855,1.09033e+11,20.4886,20.132,19.855
930,1,1,1.18,3.16667,0.787354,252.995,251.326,252.995,278.489,3.12757e+11,21.9068,21.45,20.7176
931,1,1,0.48,2.22581,0.853471,210.811,210.811,209.358,211.879,1.70514e+11,20.2882,19.8901,19.5228
932,1,1,1.11,2.84615,0.85993,265.338,260.432,265.338,292.31,3.71941e+11,21.5885,21.0794,20.3435
933,1,1,0.921289,1.5641,0.741721,290.526,nan,nan,nan,3.6873e+11,19.869,19.3731,18.6196
934,1,1,0.47,3,0.845554,202.304,209.513,202.304,199.385,1.53788e+11,20.2605,19.9845,19.7322
935,1,1,0.74,2.44828,0.782854,223.518,223.518,219.16,230.313,2.14668e+11,21.1702,20.8277,20.2967
936,1,1,0.63,1.5,0.852203,250.356,250.356,247.723,260.453,2.74617e+11,20.2522,19.8701,19.337
937,1,1,0.48,1.94118,0.820419,210.811,210.811,209.358,211.879,1.6391e+11,20.2882,19.8901,19.5228
938,1,1,1.18,3,0.761658,252.995,251.326,252.995,278.489,3.0255e+11,21.9068,21.45,20.7176
939,1,1,0.800644,2.0303,0.806993,245.611,nan,nan,nan,2.74747e+11,19.8114,19.3625,18.7076
940,1,1,0.91,1.85714,0.832054,276.215,274.989,276.215,300.962,3.72628e+11,20.8209,20.3735,19.6855
941,1,1,1.1,3.16667,0.802488,247.554,244.006,247.554,271.644,3.01626e+11,21.8472,21.3565,20.6378
942,1,1,0.48,1.5641,0.757706,210.811,210.811,209.358,211.879,1.51381e+11,20.2882,19.8901,19.5228
943,1,1,0.31382,1.27273,0.812962,203.51,nan,nan,nan,1.16598e+11,18.8552,18.4503,18.2574
944,1,1,0.787369,1.27273,0.775695,301.487,nan,nan,nan,3.95664e+11,19.6921,19.2656,18.6834
945,1,1,0.628613,1.5641,0.824892,242.591,nan,nan,nan,2.49342e+11,19.0118,18.6283,18.1443
946,1,1,0.74,2.84615,0.828898,223.518,223.518,219.16,230.313,2.27293e+11,21.1702,20.8277,20.2967
947,1,1,0.38,2.7037,0.855977,198.479,203.197,198.479,194.591,1.32251e+11,19.8478,19.5217,19.2922
948,1,1,0.63,1.32558,0.772757,250.356,250.356,247.723,260.453,2.49016e+11,20.2522,19.8701,19.337
949,1,1,0.94,2.57143,0.788472,242.776,242.776,237.804,249.499,2.75182e+11,21.4487,21.1104,20.5865
950,1,1,0.63,1.43902,0.826673,250.356,250.356,247.723,260.453,2.6639e+11,20.2522,19.8701,19.337
951,1,1,0.38,2.33333,0.834814,198.479,203.197,198.479,194.591,1.28981e+11,19.8478,19.5217,19.2922
952,1,1,0.82,1.5641,0.772345,271.295,271.295,264.366,279.979,3.23367e+11,20.6019,20.2862,19.7216
953,1,1,0.887436,1.5,0.809517,302.78,nan,nan,nan,4.3254e+11,20.5611,20.1465,19.5057
954,1,1,0.38,2.44828,0.84207,198.479,203.197,198.479,194.591,1.30102e+11,19.8478,19.5217,19.2922
955,1,1,0.53,3.16667,0.808464,201.15,205.215,200.179,201.15,1.54932e+11,20.6626,20.3424,20.006
956,1,1,0.74,2.44828,0.782854,223.518,223.518,219.16,230.313,2.14668e+11,21.1702,20.8277,20.2967
957,1,1,0.808909,1.38095,0.748283,285.315,nan,nan,nan,3.44962e+11,19.8811,19.4247,18.7504
958,1,1,0.65,1.12766,0.774521,279.414,279.414,277.385,290.285,3.15126e+11,19.8577,19.4613,18.9485
959,1,1,0.47,2.7037,0.829048,202.304,209.513,202.304,199.385,1.50786e+11,20.2605,19.9845,19.7322
960,1,1,0.31382,1.04082,0.75547,203.51,nan,nan,nan,1.08353e+11,18.8552,18.4503,18.2574
961,1,1,1.27,2.44828,0.746482,284.508,309.157,284.508,234.809,3.78652e+11,21.2042,21.137,21.6554
962,1,1,0.53,2.84615,0.790834,201.15,205.215,200.179,201.15,1.51553e+11,20.6626,20.3424,20.006
963,1,1,1.09,3.34783,0.768767,238.044,237.981,238.044,257.943,2.66722e+11,21.9314,21.5021,20.8381
964,1,1,1.1,3.34783,0.825325,247.554,244.006,247.554,271.644,3.1021e+11,21.8472,21.3565,20.6378
965,1,1,0.31382,1.5,0.851684,203.51,nan,nan,nan,1.22152e+11,18.8552,18.4503,18.2574
966,1,1,0.48,1.63158,0.771105,210.811,210.811,209.358,211.879,1.54058e+11,20.2882,19.8901,19.5228
967,1,1,1.1,3.54545,0.847611,247.554,244.006,247.554,271.644,3.18587e+11,21.8472,21.3565,20.6378
968,1,1,0.71,1.5,0.848096,265.461,265.461,263.91,280.03,3.22898e+11,20.3136,19.911,19.3381
969,1,1,1.09,3.7619,0.809236,238.044,237.981,238.044,257.943,2.80762e+11,21.9314,21.5021,20.8381
970,1,1,0.53,3.7619,0.833311,201.15,205.215,200.179,201.15,1.59694e+11,20.6626,20.3424,20.006
971,1,1,0.264958,1,0.810658,203.855,nan,nan,nan,1.03634e+11,17.651,17.3281,17.4041
972,1,1,0.82,1.5641,0.772345,271.295,271.295,264.366,279.979,3.23367e+11,20.6019,20.2862,19.7216
973,1,1,0.53,3.34783,0.816947,201.15,205.215,200.179,201.15,1.56558e+11,20.6626,20.3424,20.006
974,1,1,0.800644,1.94118,0.783438,245.611,nan,nan,nan,2.66728e+11,19.8114,19.3625,18.7076
975,1,1,1.03,2.0303,0.774952,276.379,276.379,271.484,285.06,3.58282e+11,21.1302,20.7797,20.2524
976,1,1,0.731089,2.33333,0.761283,221.803,nan,nan,nan,2.04631e+11,20.0062,19.546,18.7871
977,1,1,0.64,1.27273,0.797741,261.65,261.32,261.65,273.142,2.82723e+11,20.1076,19.674,19.1719
978,1,1,0.921289,1.7027,0.826829,290.526,nan,nan,nan,4.11039e+11,19.869,19.3731,18.6196
979,1,1,0.38,2.33333,0.834814,198.479,203.197,198.479,194.591,1.28981e+11,19.8478,19.5217,19.2922
980,1,1,0.47,2.33333,0.802511,202.304,209.513,202.304,199.385,1.45959e+11,20.2605,19.9845,19.7322
981,1,1,1.27,2.44828,0.746482,284.508,309.157,284.508,234.809,3.78652e+11,21.2042,21.137,21.6554
982,1,1,0.48,1.5,0.743834,210.811,210.811,209.358,211.879,1.48609e+11,20.2882,19.8901,19.5228
983,1,1,0.47,2.7037,0.829048,202.304,209.513,202.304,199.385,1.50786e+11,20.2605,19.9845,19.7322
984,1,1,1.11,2.57143,0.802039,265.338,260.432,265.338,292.31,3.46902e+11,21.5885,21.0794,20.3435
985,1,1,0.31382,1.27273,0.812962,203.51,nan,nan,nan,1.16598e+11,18.8552,18.4503,18.2574
986,1,1,0.31382,1.12766,0.779842,203.51,nan,nan,nan,1.11848e+11,18.8552,18.4503,18.2574
987,1,1,0.38,1.63158,0.767948,198.479,203.197,198.479,194.591,1.1865e+11,19.8478,19.5217,19.2922
988,1,1,0.53,4,0.841215,201.15,205.215,200.179,201.15,1.61208e+11,20.6626,20.3424,20.006
989,1,1,1.06,2.33333,0.779199,264.784,263.632,264.784,287.745,3.32656e+11,21.4121,20.9651,20.2885
990,1,1,1.1,3.34783,0.825325,247.554,244.006,247.554,271.644,3.1021e+11,21.8472,21.3565,20.6378
991,1,1,0.62,4,0.777602,198.909,198.909,193.346,200.727,1.57055e+11,21.2091,20.9042,20.4261
992,1,1,0.53,2.22581,0.742283,201.15,205.215,200.179,201.15,1.42249e+11,20.6626,20.3424,20.006
993,1,1,0.48,2.0303,0.83178,210.811,210.811,209.358,211.879,1.6618e+11,20.2882,19.8901,19.5228
994,1,1,0.48,2.125,0.842792,210.811,210.811,209.358,211.879,1.6838e+11,20.2882,19.8901,19.5228
995,1,1,0.725437,1.22222,0.839111,300.684,nan,nan,nan,4.13288e+11,19.6692,19.2502,18.6844
996,1,1,1.06,2.22581,0.748374,264.784,263.632,264.784,287.745,3.19496e+11,21.4121,20.9651,20.2885
997,1,1,0.74,2.44828,0.782854,223.518,223.518,219.16,230.313,2.14668e+11,21.1702,20.8277,20.2967
998,1,1,0.264958,1,0.810658,203.855,nan,nan,nan,1.03634e+11,17.651,17.3281,17.4041
999,1,1,1.06,2.57143,0.838213,264.784,263.632,264.784,287.745,3.57851e+11,21.4121,20.9651,20.2885
1000,1,1,0.38,1.5641,0.758286,198.479,203.197,198.479,194.591,1.17158e+11,19.8478,19.5217,19.2922
1001,1,1,0.38,1.63158,0.767948,198.479,203.197,198.479,194.591,1.1865e+11,19.8478,19.5217,19.2922
1002,1,1,0.48,2.22581,0.853471,210.811,210.811,209.358,211.879,1.70514e+11,20.2882,19.8901,19.5228
1003,1,1,0.64,1.32558,0.829269,261.65,261.32,261.65,273.142,2.93897e+11,20.1076,19.674,19.1719
1004,1,1,0.31382,1.04082,0.75547,203.51,nan,nan,nan,1.08353e+11,18.8552,18.4503,18.2574
1005,1,1,0.74,2.33333,0.766616,223.518,223.518,219.16,230.313,2.10215e+11,21.1702,20.8277,20.2967
1006,1,1,0.842398,1.77778,0.752649,255.861,nan,nan,nan,2.82707e+11,19.9214,19.5254,18.8707
1007,1,1,1.25,2.7037,0.822972,281.994,280.438,281.994,310.943,4.09341e+11,21.5851,21.133,20.3932
1008,1,1,0.47,3.16667,0.853488,202.304,209.513,202.304,199.385,1.55231e+11,20.2605,19.9845,19.7322
1009,1,1,0.97,2.0303,0.796165,269.661,263.932,269.661,299.638,3.45566e+11,21.1698,20.6484,19.8752
1010,1,1,0.31382,1.32558,0.823183,203.51,nan,nan,nan,1.18064e+11,18.8552,18.4503,18.2574
1011,1,1,1.25,2.84615,0.85798,281.994,280.438,281.994,310.943,4.26754e+11,21.5851,21.133,20.3932
1012,1,1,0.65,1.22222,0.768234,264.904,264.904,263.979,274.639,2.80948e+11,20.0893,19.6764,19.1891
1013,1,1,1.25,2.44828,0.749981,281.994,280.438,281.994,310.943,3.73035e+11,21.5851,21.133,20.3932
1014,1,1,0.642273,1.32558,0.815921,260.062,nan,nan,nan,2.86104e+11,19.0334,18.5873,18.0938
1015,1,1,0.48,2.0303,0.83178,210.811,210.811,209.358,211.879,1.6618e+11,20.2882,19.8901,19.5228
1016,1,1,0.65,3.7619,0.792928,203.981,203.981,199.445,204.348,1.71937e+11,21.2243,20.8939,20.473
1017,1,1,0.9,1.77778,0.784499,272.057,268.894,272.057,300.441,3.39782e+11,20.8887,20.4099,19.6635
1018,1,1,0.53,2.22581,0.742283,201.15,205.215,200.179,201.15,1.42249e+11,20.6626,20.3424,20.006
1019,1,1,0.38,1.94118,0.803507,198.479,203.197,198.479,194.591,1.24144e+11,19.8478,19.5217,19.2922
1020,1,1,1.25,2.44828,0.749981,281.994,280.438,281.994,310.943,3.73035e+11,21.5851,21.133,20.3932
1021,1,1,0.71,1.43902,0.817494,265.631,264.28,265.631,283.504,3.11644e+11,20.333,19.8828,19.2846
1022,1,1,0.628613,1.63158,0.8472,242.591,nan,nan,nan,2.56085e+11,19.0118,18.6283,18.1443
1023,1,1,0.62,3.16667,0.741054,198.909,198.909,193.346,200.727,1.49674e+11,21.2091,20.9042,20.4261
1024,1,1,0.65,3.34783,0.77296,203.981,203.981,199.445,204.348,1.67607e+11,21.2243,20.8939,20.473
1025,1,1,0.48,1.94118,0.820419,210.811,210.811,209.358,211.879,1.6391e+11,20.2882,19.8901,19.5228
1026,1,1,0.71,1.32558,0.749623,265.461,265.461,263.91,280.03,2.85406e+11,20.3136,19.911,19.3381
1027,1,1,1.06,2.44828,0.80913,264.784,263.632,264.784,287.745,3.45435e+11,21.4121,20.9651,20.2885
1028,1,1,1.1,3.16667,0.802488,247.554,244.006,247.554,271.644,3.01626e+11,21.8472,21.3565,20.6378
1029,1,1,1.18,3,0.761658,252.995,251.326,252.995,278.489,3.0255e+11,21.9068,21.45,20.7176
1030,1,1,0.62,3.54545,0.75976,198.909,198.909,193.346,200.727,1.53452e+11,21.2091,20.9042,20.4261
1031,1,1,0.38,2.7037,0.855977,198.479,203.197,198.479,194.591,1.32251e+11,19.8478,19.5217,19.2922
1032,1,1,0.38,1.63158,0.767948,198.479,203.197,198.479,194.591,1.1865e+11,19.8478,19.5217,19.2922
1033,1,1,1.1,3.34783,0.825325,247.554,244.006,247.554,271.644,3.1021e+11,21.8472,21.3565,20.6378
1034,1,1,0.38,2.0303,0.811699,198.479,203.197,198.479,194.591,1.2541e+11,19.8478,19.5217,19.2922
1035,1,1,0.38,2.0303,0.811699,198.479,203.197,198.479,194.591,1.2541e+11,19.8478,19.5217,19.2922
1036,1,1,0.94,2.44828,0.766082,242.776,242.776,237.804,249.499,2.67367e+11,21.4487,21.1104,20.5865
1037,1,1,0.62,3.16667,0.741054,198.909,198.909,193.346,200.727,1.49674e+11,21.2091,20.9042,20.4261
1038,1,1,1.25,2.44828,0.749981,281.994,280.438,281.994,310.943,3.73035e+11,21.5851,21.133,20.3932
1039,1,1,0.64,1.27273,0.797741,261.65,261.32,261.65,273.142,2.82723e+11,20.1076,19.674,19.1719
1040,1,1,0.38,1.63158,0.767948,198.479,203.197,198.479,194.591,1.1865e+11,19.8478,19.5217,19.2922
1041,1,1,0.65,1.17391,0.815394,279.414,279.414,277.385,290.285,3.31755e+11,19.8577,19.4613,18.9485
1042,1,1,0.731089,3.16667,0.850002,221.803,nan,nan,nan,2.28479e+11,20.0062,19.546,18.7871
1043,1,1,0.63,1.38095,0.800208,250.356,250.356,247.723,260.453,2.57862e+11,20.2522,19.8701,19.337
1044,1,1,0.243997,1.38095,0.844746,196.269,nan,nan,nan,9.42544e+10,18.1146,17.7083,17.8115
1045,1,1,1.09,4,0.828782,238.044,237.981,238.044,257.943,2.87544e+11,21.9314,21.5021,20.8381
1046,1,1,1.11,2.57143,0.802039,265.338,260.432,265.338,292.31,3.46902e+11,21.5885,21.0794,20.3435
1047,1,1,0.65,3.16667,0.762608,203.981,203.981,199.445,204.348,1.65363e+11,21.2243,20.8939,20.473
1048,1,1,1.25,2.84615,0.85798,281.994,280.438,281.994,310.943,4.26754e+11,21.5851,21.133,20.3932
1049,1,1,0.48,2.0303,0.83178,210.811,210.811,209.358,211.879,1.6618e+11,20.2882,19.8901,19.5228
1050,1,1,0.243997,1.32558,0.837492,196.269,nan,nan,nan,9.3445e+10,18.1146,17.7083,17.8115
1051,1,1,0.887436,1.5641,0.856832,302.78,nan,nan,nan,4.57821e+11,20.5611,20.1465,19.5057
1052,1,1,0.38,2.44828,0.84207,198.479,203.197,198.479,194.591,1.30102e+11,19.8478,19.5217,19.2922
1053,1,1,1.18,3,0.761658,252.995,251.326,252.995,278.489,3.0255e+11,21.9068,21.45,20.7176
1054,1,1,0.38,2.33333,0.834814,198.479,203.197,198.479,194.591,1.28981e+11,19.8478,19.5217,19.2922
1055,1,1,1.18,3.16667,0.787354,252.995,251.326,252.995,278.489,3.12757e+11,21.9068,21.45,20.7176
1056,1,1,1.18,3.34783,0.812409,252.995,251.326,252.995,278.489,3.22709e+11,21.9068,21.45,20.7176
1057,1,1,0.944711,1.38095,0.763094,336.851,nan,nan,nan,5.13383e+11,20.5495,20.1379,19.4386
1058,1,1,0.494217,1.04082,0.834682,253.946,nan,nan,nan,2.45824e+11,18.6013,18.1895,17.8406
1059,1,1,0.243997,1.22222,0.822144,196.269,nan,nan,nan,9.17325e+10,18.1146,17.7083,17.8115
1060,1,1,0.800644,2.125,0.829823,245.611,nan,nan,nan,2.8252e+11,19.8114,19.3625,18.7076
1061,1,1,1.03,2.125,0.809904,276.379,276.379,271.484,285.06,3.74441e+11,21.1302,20.7797,20.2524
1062,1,1,0.731089,2.7037,0.807468,221.803,nan,nan,nan,2.17046e+11,20.0062,19.546,18.7871
1063,1,1,0.91,1.85714,0.832054,276.215,274.989,276.215,300.962,3.72628e+11,20.8209,20.3735,19.6855
1064,1,1,0.725437,1.22222,0.839111,300.684,nan,nan,nan,4.13288e+11,19.6692,19.2502,18.6844
1065,1,1,0.71,1.38095,0.784649,265.631,264.28,265.631,283.504,2.99123e+11,20.333,19.8828,19.2846
1066,1,1,0.243997,1.27273,0.829963,196.269,nan,nan,nan,9.2605e+10,18.1146,17.7083,17.8115
1067,1,1,0.887436,1.43902,0.760498,302.78,nan,nan,nan,4.06348e+11,20.5611,20.1465,19.5057
1068,1,1,0.65,4,0.802572,203.981,203.981,199.445,204.348,1.74028e+11,21.2243,20.8939,20.473
1069,1,1,0.53,3.7619,0.833311,201.15,205.215,200.179,201.15,1.59694e+11,20.6626,20.3424,20.006
1070,1,1,1.18,3.54545,0.836858,252.995,251.326,252.995,278.489,3.32421e+11,21.9068,21.45,20.7176
1071,1,1,1.03,2.22581,0.843802,276.379,276.379,271.484,285.06,3.90113e+11,21.1302,20.7797,20.2524
1072,1,1,0.64,1.32558,0.829269,261.65,261.32,261.65,273.142,2.93897e+11,20.1076,19.674,19.1719
1073,1,1,0.9,1.85714,0.818216,272.057,268.894,272.057,300.441,3.54386e+11,20.8887,20.4099,19.6635
1074,1,1,1.1,3.54545,0.847611,247.554,244.006,247.554,271.644,3.18587e+11,21.8472,21.3565,20.6378
1075,1,1,1.1,3.54545,0.847611,247.554,244.006,247.554,271.644,3.18587e+11,21.8472,21.3565,20.6378
1076,1,1,0.725437,1.17391,0.789357,300.684,nan,nan,nan,3.88783e+11,19.6692,19.2502,18.6844
1077,1,1,0.38,2.22581,0.827341,198.479,203.197,198.479,194.591,1.27827e+11,19.8478,19.5217,19.2922
1078,1,1,0.47,2.22581,0.79314,202.304,209.513,202.304,199.385,1.44255e+11,20.2605,19.9845,19.7322
1079,1,1,0.94,1.38095,0.749794,331.878,331.878,330.056,350.781,4.89016e+11,20.0909,19.6867,19.1069
1080,1,1,1.09,3.34783,0.768767,238.044,237.981,238.044,257.943,2.66722e+11,21.9314,21.5021,20.8381
1081,1,1,0.53,2.84615,0.790834,201.15,205.215,200.179,201.15,1.51553e+11,20.6626,20.3424,20.006
1082,1,1,0.731089,2.7037,0.807468,221.803,nan,nan,nan,2.17046e+11,20.0062,19.546,18.7871
1083,1,1,0.91,1.7027,0.760786,276.215,274.989,276.215,300.962,3.40711e+11,20.8209,20.3735,19.6855
1084,1,1,0.38,1.5641,0.758286,198.479,203.197,198.479,194.591,1.17158e+11,19.8478,19.5217,19.2922
1085,1,1,0.243997,1.32558,0.837492,196.269,nan,nan,nan,9.3445e+10,18.1146,17.7083,17.8115
1086,1,1,0.53,3,0.799764,201.15,205.215,200.179,201.15,1.53265e+11,20.6626,20.3424,20.006
1087,1,1,0.642273,1.22222,0.752243,260.062,nan,nan,nan,2.63775e+11,19.0334,18.5873,18.0938
1088,1,1,0.94,2.44828,0.766082,242.776,242.776,237.804,249.499,2.67367e+11,21.4487,21.1104,20.5865
1089,1,1,0.243997,1.12766,0.805566,196.269,nan,nan,nan,8.98829e+10,18.1146,17.7083,17.8115
1090,1,1,0.53,2.84615,0.790834,201.15,205.215,200.179,201.15,1.51553e+11,20.6626,20.3424,20.006
1091,1,1,0.243997,1.27273,0.829963,196.269,nan,nan,nan,9.2605e+10,18.1146,17.7083,17.8115
1092,1,1,0.808909,1.38095,0.748283,285.315,nan,nan,nan,3.44962e+11,19.8811,19.4247,18.7504
1093,1,1,0.97,2.22581,0.858892,269.661,263.932,269.661,299.638,3.72791e+11,21.1698,20.6484,19.8752
1094,1,1,0.38,1.85714,0.79505,198.479,203.197,198.479,194.591,1.22838e+11,19.8478,19.5217,19.2922
1095,1,1,0.264958,1.08333,0.832448,203.855,nan,nan,nan,1.06419e+11,17.651,17.3281,17.4041
1096,1,1,0.74,3.16667,0.857588,223.518,223.518,219.16,230.313,2.3516e+11,21.1702,20.8277,20.2967
1097,1,1,1.18,3,0.761658,252.995,251.326,252.995,278.489,3.0255e+11,21.9068,21.45,20.7176
1098,1,1,0.71,1.32558,0.749623,265.461,265.461,263.91,280.03,2.85406e+11,20.3136,19.911,19.3381
1099,1,1,0.43,3.7619,0.755746,185.488,188.567,185.488,183.855,1.09867e+11,20.4886,20.132,19.855
1100,1,1,0.320861,1.12766,0.850292,213.672,nan,nan,nan,1.36464e+11,18.6009,18.2619,18.2296
1101,1,1,0.47,2.33333,0.802511,202.304,209.513,202.304,199.385,1.45959e+11,20.2605,19.9845,19.7322
1102,1,1,1.27,2.84615,0.857601,284.508,309.157,284.508,234.809,4.35017e+11,21.2042,21.137,21.6554
1103,1,1,0.65,1.27273,0.802228,264.904,264.904,263.979,274.639,2.9338e+11,20.0893,19.6764,19.1891
1104,1,1,1.1,2.84615,0.755027,247.554,244.006,247.554,271.644,2.83788e+11,21.8472,21.3565,20.6378
1105,1,1,0.62,3.16667,0.741054,198.909,198.909,193.346,200.727,1.49674e+11,21.2091,20.9042,20.4261
1106,1,1,0.890324,1.7027,0.761734,272.199,nan,nan,nan,3.29252e+11,20.0265,19.601,18.9429
1107,1,1,1.09,3.34783,0.768767,238.044,237.981,238.044,257.943,2.66722e+11,21.9314,21.5021,20.8381
1108,1,1,0.48,1.5,0.743834,210.811,210.811,209.358,211.879,1.48609e+11,20.2882,19.8901,19.5228
1109,1,1,0.74,3.16667,0.857588,223.518,223.518,219.16,230.313,2.3516e+11,21.1702,20.8277,20.2967
1110,1,1,0.47,1.85714,0.752649,202.304,209.513,202.304,199.385,1.3689e+11,20.2605,19.9845,19.7322
1111,1,1,0.74,2.44828,0.782854,223.518,223.518,219.16,230.313,2.14668e+11,21.1702,20.8277,20.2967
1112,1,1,0.642273,1.38095,0.846017,260.062,nan,nan,nan,2.96657e+11,19.0334,18.5873,18.0938
1113,1,1,0.62,3.34783,0.750521,198.909,198.909,193.346,200.727,1.51586e+11,21.2091,20.9042,20.4261
1114,1,1,0.47,2.7037,0.829048,202.304,209.513,202.304,199.385,1.50786e+11,20.2605,19.9845,19.7322
1115,1,1,0.38,2.22581,0.827341,198.479,203.197,198.479,194.591,1.27827e+11,19.8478,19.5217,19.2922
1116,1,1,0.63,1.5,0.852203,250.356,250.356,247.723,260.453,2.74617e+11,20.2522,19.8701,19.337
1117,1,1,0.53,3.54545,0.825226,201.15,205.215,200.179,201.15,1.58144e+11,20.6626,20.3424,20.006
1118,1,1,0.887436,1.43902,0.760498,302.78,nan,nan,nan,4.06348e+11,20.5611,20.1465,19.5057
1119,1,1,1.1,3.34783,0.825325,247.554,244.006,247.554,271.644,3.1021e+11,21.8472,21.3565,20.6378
1120,1,1,0.808909,1.5,0.830833,285.315,nan,nan,nan,3.83018e+11,19.8811,19.4247,18.7504
1121,1,1,0.97,2.125,0.828009,269.661,263.932,269.661,299.638,3.59387e+11,21.1698,20.6484,19.8752
1122,1,1,0.63,1.43902,0.826673,250.356,250.356,247.723,260.453,2.6639e+11,20.2522,19.8701,19.337
1123,1,1,0.47,3.16667,0.853488,202.304,209.513,202.304,199.385,1.55231e+11,20.2605,19.9845,19.7322
1124,1,1,0.74,3.16667,0.857588,223.518,223.518,219.16,230.313,2.3516e+11,21.1702,20.8277,20.2967
1125,1,1,0.243997,1.08333,0.796772,196.269,nan,nan,nan,8.89016e+10,18.1146,17.7083,17.8115
1126,1,1,0.264958,1,0.810658,203.855,nan,nan,nan,1.03634e+11,17.651,17.3281,17.4041
1127,1,1,0.38,2.57143,0.849121,198.479,203.197,198.479,194.591,1.31192e+11,19.8478,19.5217,19.2922
1128,1,1,1.25,2.84615,0.85798,281.994,280.438,281.994,310.943,4.26754e+11,21.5851,21.133,20.3932
1129,1,1,0.31382,1.17391,0.791315,203.51,nan,nan,nan,1.13494e+11,18.8552,18.4503,18.2574
1130,1,1,1.1,3.54545,0.847611,247.554,244.006,247.554,271.644,3.18587e+11,21.8472,21.3565,20.6378
1131,1,1,0.53,2.7037,0.781662,201.15,205.215,200.179,201.15,1.49796e+11,20.6626,20.3424,20.006
1132,1,1,0.628613,1.5641,0.824892,242.591,nan,nan,nan,2.49342e+11,19.0118,18.6283,18.1443
1133,1,1,1.06,2.33333,0.779199,264.784,263.632,264.784,287.745,3.32656e+11,21.4121,20.9651,20.2885
1134,1,1,0.38,1.77778,0.786314,198.479,203.197,198.479,194.591,1.21488e+11,19.8478,19.5217,19.2922
1135,1,1,0.890324,1.7027,0.761734,272.199,nan,nan,nan,3.29252e+11,20.0265,19.601,18.9429
1136,1,1,0.53,2.33333,0.75256,201.15,205.215,200.179,201.15,1.44219e+11,20.6626,20.3424,20.006
1137,1,1,1.11,2.44828,0.771859,265.338,260.432,265.338,292.31,3.33848e+11,21.5885,21.0794,20.3435
1138,1,1,1.06,2.22581,0.748374,264.784,263.632,264.784,287.745,3.19496e+11,21.4121,20.9651,20.2885
1139,1,1,0.38,1.63158,0.767948,198.479,203.197,198.479,194.591,1.1865e+11,19.8478,19.5217,19.2922
1140,1,1,0.47,2.44828,0.81161,202.304,209.513,202.304,199.385,1.47614e+11,20.2605,19.9845,19.7322
1141,1,1,0.243997,1.43902,0.85174,196.269,nan,nan,nan,9.50348e+10,18.1146,17.7083,17.8115
1142,1,1,1.11,2.44828,0.771859,265.338,260.432,265.338,292.31,3.33848e+11,21.5885,21.0794,20.3435
1143,1,1,0.642273,1.38095,0.846017,260.062,nan,nan,nan,2.96657e+11,19.0334,18.5873,18.0938
1144,1,1,0.842398,1.77778,0.752649,255.861,nan,nan,nan,2.82707e+11,19.9214,19.5254,18.8707
1145,1,1,0.65,1.32558,0.834959,264.904,264.904,263.979,274.639,3.05349e+11,20.0893,19.6764,19.1891
1146,1,1,0.53,2.22581,0.742283,201.15,205.215,200.179,201.15,1.42249e+11,20.6626,20.3424,20.006
1147,1,1,1.09,3.34783,0.768767,238.044,237.981,238.044,257.943,2.66722e+11,21.9314,21.5021,20.8381
1148,1,1,0.31382,1.12766,0.779842,203.51,nan,nan,nan,1.11848e+11,18.8552,18.4503,18.2574
1149,1,1,0.38,2.125,0.81964,198.479,203.197,198.479,194.591,1.26637e+11,19.8478,19.5217,19.2922
1150,1,1,0.97,2.0303,0.796165,269.661,263.932,269.661,299.638,3.45566e+11,21.1698,20.6484,19.8752
1151,1,1,1.11,2.7037,0.831382,265.338,260.432,265.338,292.31,3.59593e+11,21.5885,21.0794,20.3435
1152,1,1,1.09,3.34783,0.768767,238.044,237.981,238.044,257.943,2.66722e+11,21.9314,21.5021,20.8381
1153,1,1,1.06,2.22581,0.748374,264.784,263.632,264.784,287.745,3.19496e+11,21.4121,20.9651,20.2885
1154,1,1,0.65,4,0.802572,203.981,203.981,199.445,204.348,1.74028e+11,21.2243,20.8939,20.473
1155,1,1,0.47,2.57143,0.820452,202.304,209.513,202.304,199.385,1.49222e+11,20.2605,19.9845,19.7322
1156,1,1,0.48,2.0303,0.83178,210.811,210.811,209.358,211.879,1.6618e+11,20.2882,19.8901,19.5228
1157,1,1,1.06,2.57143,0.838213,264.784,263.632,264.784,287.745,3.57851e+11,21.4121,20.9651,20.2885
1158,1,1,0.43,3.34783,0.744144,185.488,188.567,185.488,183.855,1.0818e+11,20.4886,20.132,19.855
1159,1,1,0.31382,1.32558,0.823183,203.51,nan,nan,nan,1.18064e+11,18.8552,18.4503,18.2574
1160,1,1,0.725437,1.22222,0.839111,300.684,nan,nan,nan,4.13288e+11,19.6692,19.2502,18.6844
1161,1,1,0.38,3.34783,0.881636,198.479,203.197,198.479,194.591,1.36215e+11,19.8478,19.5217,19.2922
1162,1,1,0.94,3.16667,0.872133,242.776,242.776,237.804,249.499,3.0438e+11,21.4487,21.1104,20.5865
1163,1,1,0.47,3.7619,0.876145,202.304,209.513,202.304,199.385,1.59352e+11,20.2605,19.9845,19.7322
1164,1,1,0.71,1.63158,0.909303,265.631,264.28,265.631,283.504,3.46644e+11,20.333,19.8828,19.2846
1165,1,1,0.731089,3.7619,0.889434,221.803,nan,nan,nan,2.39078e+11,20.0062,19.546,18.7871
1166,1,1,1.1,3.7619,0.869377,247.554,244.006,247.554,271.644,3.26768e+11,21.8472,21.3565,20.6378
1167,1,1,0.842398,2.57143,0.956504,255.861,nan,nan,nan,3.59279e+11,19.9214,19.5254,18.8707
1168,1,1,0.264958,2.44828,0.97548,203.855,nan,nan,nan,1.24705e+11,17.651,17.3281,17.4041
1169,1,1,0.31382,1.77778,0.885295,203.51,nan,nan,nan,1.26973e+11,18.8552,18.4503,18.2574
1170,1,1,0.65,1.38095,0.964016,279.414,279.414,277.385,290.285,3.92225e+11,19.8577,19.4613,18.9485
1171,1,1,0.731089,3.54545,0.876603,221.803,nan,nan,nan,2.35629e+11,20.0062,19.546,18.7871
1172,1,1,0.31382,2.7037,0.946861,203.51,nan,nan,nan,1.35803e+11,18.8552,18.4503,18.2574
1173,1,1,0.38,3.54545,0.887656,198.479,203.197,198.479,194.591,1.37146e+11,19.8478,19.5217,19.2922
1174,1,1,0.243997,1.7027,0.877367,196.269,nan,nan,nan,9.78941e+10,18.1146,17.7083,17.8115
1175,1,1,0.97,2.33333,0.888862,269.661,263.932,269.661,299.638,3.85799e+11,21.1698,20.6484,19.8752
1176,1,1,1.03,2.57143,0.939676,276.379,276.379,271.484,285.06,4.34438e+11,21.1302,20.7797,20.2524
1177,1,1,0.63,1.7027,0.923651,250.356,250.356,247.723,260.453,2.9764e+11,20.2522,19.8701,19.337
1178,1,1,0.243997,1.94118,0.894437,196.269,nan,nan,nan,9.97988e+10,18.1146,17.7083,17.8115
1179,1,1,0.31382,1.5641,0.860525,203.51,nan,nan,nan,1.2342e+11,18.8552,18.4503,18.2574
1180,1,1,0.63,1.85714,0.967414,250.356,250.356,247.723,260.453,3.11743e+11,20.2522,19.8701,19.337
1181,1,1,0.31382,2.22581,0.921554,203.51,nan,nan,nan,1.32173e+11,18.8552,18.4503,18.2574
1182,1,1,0.71,1.77778,0.964225,265.461,265.461,263.91,280.03,3.67112e+11,20.3136,19.911,19.3381
1183,1,1,0.243997,3.54545,0.949217,196.269,nan,nan,nan,1.05911e+11,18.1146,17.7083,17.8115
1184,1,1,0.48,3.16667,0.920213,210.811,210.811,209.358,211.879,1.83848e+11,20.2882,19.8901,19.5228
1185,1,1,0.243997,1.7027,0.877367,196.269,nan,nan,nan,9.78941e+10,18.1146,17.7083,17.8115
1186,1,1,0.97,2.44828,0.917963,269.661,263.932,269.661,299.638,3.9843e+11,21.1698,20.6484,19.8752
1187,1,1,0.94,3.16667,0.872133,242.776,242.776,237.804,249.499,3.0438e+11,21.4487,21.1104,20.5865
1188,1,1,0.731089,4,0.901978,221.803,nan,nan,nan,2.4245e+11,20.0062,19.546,18.7871
1189,1,1,1.11,3.34783,0.941211,265.338,260.432,265.338,292.31,4.07097e+11,21.5885,21.0794,20.3435
1190,1,1,0.48,4,0.953241,210.811,210.811,209.358,211.879,1.90446e+11,20.2882,19.8901,19.5228
1191,1,1,0.74,3.34783,0.871393,223.518,223.518,219.16,230.313,2.38946e+11,21.1702,20.8277,20.2967
1192,1,1,0.842398,2.33333,0.910066,255.861,nan,nan,nan,3.41836e+11,19.9214,19.5254,18.8707
1193,1,1,0.921289,1.85714,0.906408,290.526,nan,nan,nan,4.506e+11,19.869,19.3731,18.6196
1194,1,1,0.264958,1.38095,0.88834,203.855,nan,nan,nan,1.13565e+11,17.651,17.3281,17.4041
1195,1,1,0.71,1.5641,0.878642,265.461,265.461,263.91,280.03,3.34528e+11,20.3136,19.911,19.3381
1196,1,1,1.18,4,0.88408,252.995,251.326,252.995,278.489,3.51179e+11,21.9068,21.45,20.7176
1197,1,1,0.731089,3.7619,0.889434,221.803,nan,nan,nan,2.39078e+11,20.0062,19.546,18.7871
1198,1,1,0.628613,1.85714,0.909774,242.591,nan,nan,nan,2.74999e+11,19.0118,18.6283,18.1443
1199,1,1,1.18,4,0.88408,252.995,251.326,252.995,278.489,3.51179e+11,21.9068,21.45,20.7176
1200,1,1,0.64,1.5641,0.94445,261.65,261.32,261.65,273.142,3.34717e+11,20.1076,19.674,19.1719
1201,1,1,0.48,2.33333,0.863835,210.811,210.811,209.358,211.879,1.72584e+11,20.2882,19.8901,19.5228
1202,1,1,0.31382,3,0.958495,203.51,nan,nan,nan,1.37471e+11,18.8552,18.4503,18.2574
1203,1,1,0.944711,1.5641,0.95399,336.851,nan,nan,nan,6.41811e+11,20.5495,20.1379,19.4386
1204,1,1,0.642273,1.5,0.903023,260.062,nan,nan,nan,3.16646e+11,19.0334,18.5873,18.0938
1205,1,1,1.1,3.7619,0.869377,247.554,244.006,247.554,271.644,3.26768e+11,21.8472,21.3565,20.6378
1206,1,1,0.494217,1.17391,0.918394,253.946,nan,nan,nan,2.70478e+11,18.6013,18.1895,17.8406
1207,1,1,0.97,2.7037,0.97373,269.661,263.932,269.661,299.638,4.22636e+11,21.1698,20.6484,19.8752
1208,1,1,1.06,3.16667,0.946882,264.784,263.632,264.784,287.745,4.04244e+11,21.4121,20.9651,20.2885
1209,1,1,0.243997,2.33333,0.914817,196.269,nan,nan,nan,1.02073e+11,18.1146,17.7083,17.8115
1210,1,1,0.48,3.16667,0.920213,210.811,210.811,209.358,211.879,1.83848e+11,20.2882,19.8901,19.5228
1211,1,1,0.82,1.94118,0.933958,271.295,271.295,264.366,279.979,3.91032e+11,20.6019,20.2862,19.7216
1212,1,1,0.63,1.17391,0.974047,298.775,297.468,298.775,316.909,4.4703e+11,19.5034,19.0563,18.485
1213,1,1,0.800644,2.44828,0.894317,245.611,nan,nan,nan,3.04477e+11,19.8114,19.3625,18.7076
1214,1,1,0.31382,2.57143,0.940803,203.51,nan,nan,nan,1.34934e+11,18.8552,18.4503,18.2574
1215,1,1,0.731089,4,0.901978,221.803,nan,nan,nan,2.4245e+11,20.0062,19.546,18.7871
1216,1,1,0.31382,2.44828,0.934571,203.51,nan,nan,nan,1.3404e+11,18.8552,18.4503,18.2574
1217,1,1,0.243997,1.5641,0.864998,196.269,nan,nan,nan,9.65141e+10,18.1146,17.7083,17.8115
1218,1,1,0.642273,1.63158,0.956136,260.062,nan,nan,nan,3.35271e+11,19.0334,18.5873,18.0938
1219,1,1,1.25,3.34783,0.957654,281.994,280.438,281.994,310.943,4.76331e+11,21.5851,21.133,20.3932
1220,1,1,0.9,2.22581,0.942847,272.057,268.894,272.057,300.441,4.08366e+11,20.8887,20.4099,19.6635
1221,1,1,0.48,2.57143,0.883677,210.811,210.811,209.358,211.879,1.76548e+11,20.2882,19.8901,19.5228
1222,1,1,0.63,1.5641,0.876847,250.356,250.356,247.723,260.453,2.82558e+11,20.2522,19.8701,19.337
1223,1,1,0.243997,3.34783,0.945298,196.269,nan,nan,nan,1.05474e+11,18.1146,17.7083,17.8115
1224,1,1,0.808909,1.77778,0.979578,285.315,nan,nan,nan,4.5159e+11,19.8811,19.4247,18.7504
1225,1,1,0.31382,3,0.958495,203.51,nan,nan,nan,1.37471e+11,18.8552,18.4503,18.2574
1226,1,1,1.11,3,0.887725,265.338,260.432,265.338,292.31,3.83963e+11,21.5885,21.0794,20.3435
1227,1,1,0.494217,1.17391,0.918394,253.946,nan,nan,nan,2.70478e+11,18.6013,18.1895,17.8406
1228,1,1,0.887436,1.63158,0.902531,302.78,nan,nan,nan,4.82239e+11,20.5611,20.1465,19.5057
1229,1,1,0.264958,1.27273,0.871117,203.855,nan,nan,nan,1.11363e+11,17.651,17.3281,17.4041
1230,1,1,0.65,1.5641,0.954538,264.904,264.904,263.979,274.639,3.4908e+11,20.0893,19.6764,19.1891
1231,1,1,0.800644,2.57143,0.91459,245.611,nan,nan,nan,3.11379e+11,19.8114,19.3625,18.7076
1232,1,1,0.94,4,0.947762,242.776,242.776,237.804,249.499,3.30775e+11,21.4487,21.1104,20.5865
1233,1,1,0.48,2.33333,0.863835,210.811,210.811,209.358,211.879,1.72584e+11,20.2882,19.8901,19.5228
1234,1,1,0.91,2.22581,0.961599,276.215,274.989,276.215,300.962,4.30644e+11,20.8209,20.3735,19.6855
1235,1,1,0.31382,1.85714,0.893016,203.51,nan,nan,nan,1.2808e+11,18.8552,18.4503,18.2574
1236,1,1,0.243997,3.34783,0.945298,196.269,nan,nan,nan,1.05474e+11,18.1146,17.7083,17.8115
1237,1,1,0.921289,1.77778,0.867274,290.526,nan,nan,nan,4.31146e+11,19.869,19.3731,18.6196
1238,1,1,0.320861,1.63158,0.950666,213.672,nan,nan,nan,1.52573e+11,18.6009,18.2619,18.2296
1239,1,1,1.03,2.57143,0.939676,276.379,276.379,271.484,285.06,4.34438e+11,21.1302,20.7797,20.2524
1240,1,1,1.06,2.84615,0.894001,264.784,263.632,264.784,287.745,3.81668e+11,21.4121,20.9651,20.2885
1241,1,1,0.921289,1.94118,0.944293,290.526,nan,nan,nan,4.69434e+11,19.869,19.3731,18.6196
1242,1,1,0.243997,3.7619,0.953045,196.269,nan,nan,nan,1.06338e+11,18.1146,17.7083,17.8115
1243,1,1,0.264958,1.63158,0.919263,203.855,nan,nan,nan,1.17518e+11,17.651,17.3281,17.4041
1244,1,1,0.890324,1.94118,0.86222,272.199,nan,nan,nan,3.72686e+11,20.0265,19.601,18.9429
1245,1,1,0.71,1.5641,0.879764,265.631,264.28,265.631,283.504,3.35383e+11,20.333,19.8828,19.2846
1246,1,1,0.48,2.57143,0.883677,210.811,210.811,209.358,211.879,1.76548e+11,20.2882,19.8901,19.5228
1247,1,1,0.38,3.34783,0.881636,198.479,203.197,198.479,194.591,1.36215e+11,19.8478,19.5217,19.2922
1248,1,1,0.243997,2.84615,0.932936,196.269,nan,nan,nan,1.04094e+11,18.1146,17.7083,17.8115
1249,1,1,0.74,3.7619,0.898021,223.518,223.518,219.16,230.313,2.46248e+11,21.1702,20.8277,20.2967
1250,1,1,0.71,1.7027,0.937851,265.631,264.28,265.631,283.504,3.57527e+11,20.333,19.8828,19.2846
1251,1,1,0.91,2.22581,0.961599,276.215,274.989,276.215,300.962,4.30644e+11,20.8209,20.3735,19.6855
1252,1,1,0.9,2.125,0.913124,272.057,268.894,272.057,300.441,3.95492e+11,20.8887,20.4099,19.6635
1253,1,1,0.31382,3.16667,0.964086,203.51,nan,nan,nan,1.38273e+11,18.8552,18.4503,18.2574
1254,1,1,0.71,1.5641,0.878642,265.461,265.461,263.91,280.03,3.34528e+11,20.3136,19.911,19.3381
1255,1,1,0.31382,1.77778,0.885295,203.51,nan,nan,nan,1.26973e+11,18.8552,18.4503,18.2574
1256,1,1,1.06,3.34783,0.972327,264.784,263.632,264.784,287.745,4.15107e+11,21.4121,20.9651,20.2885
1257,1,1,1.06,2.84615,0.894001,264.784,263.632,264.784,287.745,3.81668e+11,21.4121,20.9651,20.2885
1258,1,1,0.243997,1.63158,0.871288,196.269,nan,nan,nan,9.72159e+10,18.1146,17.7083,17.8115
1259,1,1,0.74,3.34783,0.871393,223.518,223.518,219.16,230.313,2.38946e+11,21.1702,20.8277,20.2967
1260,1,1,0.71,1.63158,0.908144,265.461,265.461,263.91,280.03,3.4576e+11,20.3136,19.911,19.3381
1261,1,1,0.65,1.5641,0.954538,264.904,264.904,263.979,274.639,3.4908e+11,20.0893,19.6764,19.1891
1262,1,1,0.494217,1.22222,0.944158,253.946,nan,nan,nan,2.78066e+11,18.6013,18.1895,17.8406
1263,1,1,0.842398,2.57143,0.956504,255.861,nan,nan,nan,3.59279e+11,19.9214,19.5254,18.8707
1264,1,1,0.842398,2.57143,0.956504,255.861,nan,nan,nan,3.59279e+11,19.9214,19.5254,18.8707
1265,1,1,1.11,3,0.887725,265.338,260.432,265.338,292.31,3.83963e+11,21.5885,21.0794,20.3435
1266,1,1,0.243997,3.34783,0.945298,196.269,nan,nan,nan,1.05474e+11,18.1146,17.7083,17.8115
1267,1,1,0.48,3.16667,0.920213,210.811,210.811,209.358,211.879,1.83848e+11,20.2882,19.8901,19.5228
1268,1,1,0.9,2.125,0.913124,272.057,268.894,272.057,300.441,3.95492e+11,20.8887,20.4099,19.6635
1269,1,1,0.91,2.0303,0.898849,276.215,274.989,276.215,300.962,4.02542e+11,20.8209,20.3735,19.6855
1270,1,1,0.842398,2.57143,0.956504,255.861,nan,nan,nan,3.59279e+11,19.9214,19.5254,18.8707
1271,1,1,0.71,1.77778,0.965456,265.631,264.28,265.631,283.504,3.6805e+11,20.333,19.8828,19.2846
1272,1,1,0.243997,2.0303,0.89977,196.269,nan,nan,nan,1.00394e+11,18.1146,17.7083,17.8115
1273,1,1,0.47,3.54545,0.868772,202.304,209.513,202.304,199.385,1.58011e+11,20.2605,19.9845,19.7322
1274,1,1,0.38,3.34783,0.881636,198.479,203.197,198.479,194.591,1.36215e+11,19.8478,19.5217,19.2922
1275,1,1,0.492792,1.04082,0.977063,274.333,nan,nan,nan,3.35297e+11,18.6875,18.2679,18.0159
1276,1,1,0.320861,1.32558,0.89905,213.672,nan,nan,nan,1.44289e+11,18.6009,18.2619,18.2296
1277,1,1,0.842398,2.125,0.860815,255.861,nan,nan,nan,3.23336e+11,19.9214,19.5254,18.8707
1278,1,1,0.48,2.44828,0.873899,210.811,210.811,209.358,211.879,1.74595e+11,20.2882,19.8901,19.5228
1279,1,1,0.842398,2.33333,0.910066,255.861,nan,nan,nan,3.41836e+11,19.9214,19.5254,18.8707
1280,1,1,0.31382,2.22581,0.921554,203.51,nan,nan,nan,1.32173e+11,18.8552,18.4503,18.2574
1281,1,1,0.320861,1.5641,0.94106,213.672,nan,nan,nan,1.51031e+11,18.6009,18.2619,18.2296
1282,1,1,0.38,3,0.86914,198.479,203.197,198.479,194.591,1.34285e+11,19.8478,19.5217,19.2922
1283,1,1,0.243997,2.44828,0.919542,196.269,nan,nan,nan,1.026e+11,18.1146,17.7083,17.8115
1284,1,1,0.38,3.34783,0.881636,198.479,203.197,198.479,194.591,1.36215e+11,19.8478,19.5217,19.2922
1285,1,1,0.842398,2.7037,0.978754,255.861,nan,nan,nan,3.67636e+11,19.9214,19.5254,18.8707
1286,1,1,0.31382,1.7027,0.877316,203.51,nan,nan,nan,1.25828e+11,18.8552,18.4503,18.2574
1287,1,1,0.94,4,0.947762,242.776,242.776,237.804,249.499,3.30775e+11,21.4487,21.1104,20.5865
1288,1,1,0.264958,1.32558,0.879889,203.855,nan,nan,nan,1.12484e+11,17.651,17.3281,17.4041
1289,1,1,0.48,3,0.911439,210.811,210.811,209.358,211.879,1.82095e+11,20.2882,19.8901,19.5228
1290,1,1,1.11,3.16667,0.914806,265.338,260.432,265.338,292.31,3.95676e+11,21.5885,21.0794,20.3435
1291,1,1,0.264958,1.7027,0.926344,203.855,nan,nan,nan,1.18423e+11,17.651,17.3281,17.4041
1292,1,1,0.31382,2.0303,0.90773,203.51,nan,nan,nan,1.3019e+11,18.8552,18.4503,18.2574
1293,1,1,0.243997,3.54545,0.949217,196.269,nan,nan,nan,1.05911e+11,18.1146,17.7083,17.8115
1294,1,1,0.494217,1.08333,0.863718,253.946,nan,nan,nan,2.54376e+11,18.6013,18.1895,17.8406
1295,1,1,0.808909,1.7027,0.944265,285.315,nan,nan,nan,4.35311e+11,19.8811,19.4247,18.7504
1296,1,1,0.94,1.5,0.875044,331.878,331.878,330.056,350.781,5.70704e+11,20.0909,19.6867,19.1069
1297,1,1,0.800644,2.33333,0.873453,245.611,nan,nan,nan,2.97374e+11,19.8114,19.3625,18.7076
1298,1,1,1.18,4,0.88408,252.995,251.326,252.995,278.489,3.51179e+11,21.9068,21.45,20.7176
1299,1,1,0.47,3.54545,0.868772,202.304,209.513,202.304,199.385,1.58011e+11,20.2605,19.9845,19.7322
1300,1,1,0.31382,2.33333,0.928158,203.51,nan,nan,nan,1.3312e+11,18.8552,18.4503,18.2574
1301,1,1,0.47,4,0.883352,202.304,209.513,202.304,199.385,1.60662e+11,20.2605,19.9845,19.7322
1302,1,1,0.31382,1.77778,0.885295,203.51,nan,nan,nan,1.26973e+11,18.8552,18.4503,18.2574
1303,1,1,0.48,2.7037,0.893184,210.811,210.811,209.358,211.879,1.78448e+11,20.2882,19.8901,19.5228
1304,1,1,0.264958,2.44828,0.97548,203.855,nan,nan,nan,1.24705e+11,17.651,17.3281,17.4041
1305,1,1,0.38,3.34783,0.881636,198.479,203.197,198.479,194.591,1.36215e+11,19.8478,19.5217,19.2922
1306,1,1,0.48,2.84615,0.902433,210.811,210.811,209.358,211.879,1.80296e+11,20.2882,19.8901,19.5228
1307,1,1,1.27,3,0.892669,284.508,309.157,284.508,234.809,4.52805e+11,21.2042,21.137,21.6554
1308,1,1,0.264958,1.63158,0.919263,203.855,nan,nan,nan,1.17518e+11,17.651,17.3281,17.4041
1309,1,1,0.264958,1.32558,0.879889,203.855,nan,nan,nan,1.12484e+11,17.651,17.3281,17.4041
1310,1,1,0.94,3.34783,0.891723,242.776,242.776,237.804,249.499,3.11217e+11,21.4487,21.1104,20.5865
1311,1,1,0.320861,1.63158,0.950666,213.672,nan,nan,nan,1.52573e+11,18.6009,18.2619,18.2296
1312,1,1,0.243997,1.77778,0.883244,196.269,nan,nan,nan,9.85499e+10,18.1146,17.7083,17.8115
1313,1,1,0.320861,1.5641,0.94106,213.672,nan,nan,nan,1.51031e+11,18.6009,18.2619,18.2296
1314,1,1,0.31382,3,0.958495,203.51,nan,nan,nan,1.37471e+11,18.8552,18.4503,18.2574
1315,1,1,0.243997,2.44828,0.919542,196.269,nan,nan,nan,1.026e+11,18.1146,17.7083,17.8115
1316,1,1,0.808909,1.77778,0.979578,285.315,nan,nan,nan,4.5159e+11,19.8811,19.4247,18.7504
1317,1,1,0.91,2.0303,0.898849,276.215,274.989,276.215,300.962,4.02542e+11,20.8209,20.3735,19.6855
1318,1,1,0.890324,2.22581,0.953555,272.199,nan,nan,nan,4.12165e+11,20.0265,19.601,18.9429
1319,1,1,0.243997,2.84615,0.932936,196.269,nan,nan,nan,1.04094e+11,18.1146,17.7083,17.8115
1320,1,1,0.48,3.16667,0.920213,210.811,210.811,209.358,211.879,1.83848e+11,20.2882,19.8901,19.5228
1321,1,1,0.243997,1.63158,0.871288,196.269,nan,nan,nan,9.72159e+10,18.1146,17.7083,17.8115
1322,1,1,0.731089,3.34783,0.863465,221.803,nan,nan,nan,2.32098e+11,20.0062,19.546,18.7871
1323,1,1,0.243997,1.77778,0.883244,196.269,nan,nan,nan,9.85499e+10,18.1146,17.7083,17.8115
1324,1,1,0.71,1.77778,0.965456,265.631,264.28,265.631,283.504,3.6805e+11,20.333,19.8828,19.2846
1325,1,1,0.48,3.54545,0.937116,210.811,210.811,209.358,211.879,1.87225e+11,20.2882,19.8901,19.5228
1326,1,1,0.628613,1.77778,0.889604,242.591,nan,nan,nan,2.68902e+11,19.0118,18.6283,18.1443
1327,1,1,0.494217,1.27273,0.968949,253.946,nan,nan,nan,2.85367e+11,18.6013,18.1895,17.8406
1328,1,1,0.63,1.85714,0.967414,250.356,250.356,247.723,260.453,3.11743e+11,20.2522,19.8701,19.337
1329,1,1,0.91,1.94118,0.865983,276.215,274.989,276.215,300.962,3.87823e+11,20.8209,20.3735,19.6855
1330,1,1,0.243997,1.63158,0.871288,196.269,nan,nan,nan,9.72159e+10,18.1146,17.7083,17.8115
1331,1,1,0.264958,1.32558,0.879889,203.855,nan,nan,nan,1.12484e+11,17.651,17.3281,17.4041
1332,1,1,0.808909,1.5641,0.869958,285.315,nan,nan,nan,4.01055e+11,19.8811,19.4247,18.7504
1333,1,1,0.38,3.16667,0.875467,198.479,203.197,198.479,194.591,1.35262e+11,19.8478,19.5217,19.2922
1334,1,1,0.808909,1.63158,0.907746,285.315,nan,nan,nan,4.18475e+11,19.8811,19.4247,18.7504
1335,1,1,0.94,3.16667,0.872133,242.776,242.776,237.804,249.499,3.0438e+11,21.4487,21.1104,20.5865
1336,1,1,0.264958,2.44828,0.97548,203.855,nan,nan,nan,1.24705e+11,17.651,17.3281,17.4041
1337,1,1,0.787369,1.5,0.963045,301.487,nan,nan,nan,4.91227e+11,19.6921,19.2656,18.6834
1338,1,1,0.320861,1.17391,0.863199,213.672,nan,nan,nan,1.38535e+11,18.6009,18.2619,18.2296
1339,1,1,0.787369,1.5,0.963045,301.487,nan,nan,nan,4.91227e+11,19.6921,19.2656,18.6834
1340,1,1,0.887436,1.7027,0.946695,302.78,nan,nan,nan,5.05837e+11,20.5611,20.1465,19.5057
1341,1,1,0.9,2.33333,0.97169,272.057,268.894,272.057,300.441,4.20859e+11,20.8887,20.4099,19.6635
1342,1,1,0.71,1.77778,0.965456,265.631,264.28,265.631,283.504,3.6805e+11,20.333,19.8828,19.2846
1343,1,1,0.731089,3.54545,0.876603,221.803,nan,nan,nan,2.35629e+11,20.0062,19.546,18.7871
1344,1,1,0.48,2.7037,0.893184,210.811,210.811,209.358,211.879,1.78448e+11,20.2882,19.8901,19.5228
1345,1,1,1.06,3,0.920785,264.784,263.632,264.784,287.745,3.93103e+11,21.4121,20.9651,20.2885
1346,1,1,1.03,2.57143,0.939676,276.379,276.379,271.484,285.06,4.34438e+11,21.1302,20.7797,20.2524
1347,1,1,0.31382,1.5641,0.860525,203.51,nan,nan,nan,1.2342e+11,18.8552,18.4503,18.2574
1348,1,1,0.628613,1.94118,0.929301,242.591,nan,nan,nan,2.80901e+11,19.0118,18.6283,18.1443
1349,1,1,0.731089,3.7619,0.889434,221.803,nan,nan,nan,2.39078e+11,20.0062,19.546,18.7871
1350,1,1,0.64,1.5641,0.94445,261.65,261.32,261.65,273.142,3.34717e+11,20.1076,19.674,19.1719
1351,1,1,0.800644,3,0.972148,245.611,nan,nan,nan,3.30976e+11,19.8114,19.3625,18.7076
1352,1,1,0.31382,3.54545,0.974858,203.51,nan,nan,nan,1.39818e+11,18.8552,18.4503,18.2574
1353,1,1,0.9,2.33333,0.97169,272.057,268.894,272.057,300.441,4.20859e+11,20.8887,20.4099,19.6635
1354,1,1,0.320861,1.38095,0.910129,213.672,nan,nan,nan,1.46067e+11,18.6009,18.2619,18.2296
1355,1,1,0.628613,1.85714,0.909774,242.591,nan,nan,nan,2.74999e+11,19.0118,18.6283,18.1443
1356,1,1,0.71,1.63158,0.909303,265.631,264.28,265.631,283.504,3.46644e+11,20.333,19.8828,19.2846
1357,1,1,0.64,1.5,0.917181,261.65,261.32,261.65,273.142,3.25053e+11,20.1076,19.674,19.1719
1358,1,1,0.243997,1.94118,0.894437,196.269,nan,nan,nan,9.97988e+10,18.1146,17.7083,17.8115
1359,1,1,0.494217,1.22222,0.944158,253.946,nan,nan,nan,2.78066e+11,18.6013,18.1895,17.8406
1360,1,1,1.27,3.16667,0.926837,284.508,309.157,284.508,234.809,4.70137e+11,21.2042,21.137,21.6554
1361,1,1,1.18,3.7619,0.860737,252.995,251.326,252.995,278.489,3.41907e+11,21.9068,21.45,20.7176
1362,1,1,0.243997,1.5641,0.864998,196.269,nan,nan,nan,9.65141e+10,18.1146,17.7083,17.8115
1363,1,1,0.320861,1.27273,0.887552,213.672,nan,nan,nan,1.42444e+11,18.6009,18.2619,18.2296
1364,1,1,0.71,1.77778,0.965456,265.631,264.28,265.631,283.504,3.6805e+11,20.333,19.8828,19.2846
1365,1,1,0.63,1.08333,0.881103,298.775,297.468,298.775,316.909,4.04374e+11,19.5034,19.0563,18.485
1366,1,1,0.31382,2.7037,0.946861,203.51,nan,nan,nan,1.35803e+11,18.8552,18.4503,18.2574
1367,1,1,0.800644,2.57143,0.91459,245.611,nan,nan,nan,3.11379e+11,19.8114,19.3625,18.7076
1368,1,1,0.31382,2.0303,0.90773,203.51,nan,nan,nan,1.3019e+11,18.8552,18.4503,18.2574
1369,1,1,0.243997,3.34783,0.945298,196.269,nan,nan,nan,1.05474e+11,18.1146,17.7083,17.8115
1370,1,1,0.320861,1.22222,0.87561,213.672,nan,nan,nan,1.40527e+11,18.6009,18.2619,18.2296
1371,1,1,0.38,3.16667,0.875467,198.479,203.197,198.479,194.591,1.35262e+11,19.8478,19.5217,19.2922
1372,1,1,0.243997,3.16667,0.941282,196.269,nan,nan,nan,1.05026e+11,18.1146,17.7083,17.8115
1373,1,1,0.31382,1.7027,0.877316,203.51,nan,nan,nan,1.25828e+11,18.8552,18.4503,18.2574
1374,1,1,0.71,1.7027,0.936655,265.461,265.461,263.91,280.03,3.56616e+11,20.3136,19.911,19.3381
1375,1,1,0.800644,2.7037,0.934301,245.611,nan,nan,nan,3.1809e+11,19.8114,19.3625,18.7076
1376,1,1,0.65,1.43902,0.896898,264.904,264.904,263.979,274.639,3.28001e+11,20.0893,19.6764,19.1891
1377,1,1,0.65,1.38095,0.866495,264.904,264.904,263.979,274.639,3.16882e+11,20.0893,19.6764,19.1891
1378,1,1,0.38,3.54545,0.887656,198.479,203.197,198.479,194.591,1.37146e+11,19.8478,19.5217,19.2922
1379,1,1,0.264958,1.63158,0.919263,203.855,nan,nan,nan,1.17518e+11,17.651,17.3281,17.4041
1380,1,1,0.74,3.7619,0.898021,223.518,223.518,219.16,230.313,2.46248e+11,21.1702,20.8277,20.2967
1381,1,1,0.94,1.5,0.875044,331.878,331.878,330.056,350.781,5.70704e+11,20.0909,19.6867,19.1069
1382,1,1,0.808909,1.5641,0.869958,285.315,nan,nan,nan,4.01055e+11,19.8811,19.4247,18.7504
1383,1,1,0.808909,1.7027,0.944265,285.315,nan,nan,nan,4.35311e+11,19.8811,19.4247,18.7504
1384,1,1,0.31382,2.0303,0.90773,203.51,nan,nan,nan,1.3019e+11,18.8552,18.4503,18.2574
1385,1,1,0.787369,1.43902,0.918731,301.487,nan,nan,nan,4.68624e+11,19.6921,19.2656,18.6834
1386,1,1,0.71,1.63158,0.909303,265.631,264.28,265.631,283.504,3.46644e+11,20.333,19.8828,19.2846
1387,1,1,0.243997,3.16667,0.941282,196.269,nan,nan,nan,1.05026e+11,18.1146,17.7083,17.8115
1388,1,1,0.320861,1.43902,0.92081,213.672,nan,nan,nan,1.47781e+11,18.6009,18.2619,18.2296
1389,1,1,0.264958,1.5641,0.911935,203.855,nan,nan,nan,1.16581e+11,17.651,17.3281,17.4041
1390,1,1,0.494217,1.22222,0.944158,253.946,nan,nan,nan,2.78066e+11,18.6013,18.1895,17.8406
1391,1,1,0.243997,2.22581,0.909952,196.269,nan,nan,nan,1.0153e+11,18.1146,17.7083,17.8115
1392,1,1,0.47,3.34783,0.861223,202.304,209.513,202.304,199.385,1.56638e+11,20.2605,19.9845,19.7322
1393,1,1,0.320861,1.43902,0.92081,213.672,nan,nan,nan,1.47781e+11,18.6009,18.2619,18.2296
1394,1,1,0.9,2.125,0.913124,272.057,268.894,272.057,300.441,3.95492e+11,20.8887,20.4099,19.6635
1395,1,1,0.38,4,0.899283,198.479,203.197,198.479,194.591,1.38942e+11,19.8478,19.5217,19.2922
1396,1,1,0.264958,2.0303,0.952446,203.855,nan,nan,nan,1.2176e+11,17.651,17.3281,17.4041
1397,1,1,0.264958,2.33333,0.969977,203.855,nan,nan,nan,1.24001e+11,17.651,17.3281,17.4041
1398,1,1,0.243997,2.84615,0.932936,196.269,nan,nan,nan,1.04094e+11,18.1146,17.7083,17.8115
1399,1,1,0.63,1.7027,0.923651,250.356,250.356,247.723,260.453,2.9764e+11,20.2522,19.8701,19.337
1400,1,1,0.494217,1.12766,0.891601,253.946,nan,nan,nan,2.62588e+11,18.6013,18.1895,17.8406
1401,1,1,1.03,2.7037,0.969851,276.379,276.379,271.484,285.06,4.48389e+11,21.1302,20.7797,20.2524
1402,1,1,0.320861,1.77778,0.968926,213.672,nan,nan,nan,1.55503e+11,18.6009,18.2619,18.2296
1403,1,1,0.74,3.54545,0.884864,223.518,223.518,219.16,230.313,2.4264e+11,21.1702,20.8277,20.2967
1404,1,1,0.808909,1.77778,0.979578,285.315,nan,nan,nan,4.5159e+11,19.8811,19.4247,18.7504
1405,1,1,0.842398,2.125,0.860815,255.861,nan,nan,nan,3.23336e+11,19.9214,19.5254,18.8707
1406,1,1,0.243997,4,0.956786,196.269,nan,nan,nan,1.06756e+11,18.1146,17.7083,17.8115
1407,1,1,0.63,1.63158,0.900649,250.356,250.356,247.723,260.453,2.90228e+11,20.2522,19.8701,19.337
1408,1,1,0.47,3.7619,0.876145,202.304,209.513,202.304,199.385,1.59352e+11,20.2605,19.9845,19.7322
1409,1,1,0.31382,1.85714,0.893016,203.51,nan,nan,nan,1.2808e+11,18.8552,18.4503,18.2574
1410,1,1,0.264958,1.77778,0.933192,203.855,nan,nan,nan,1.19298e+11,17.651,17.3281,17.4041
1411,1,1,0.264958,2.57143,0.980828,203.855,nan,nan,nan,1.25388e+11,17.651,17.3281,17.4041
1412,1,1,0.264546,1.12766,1.07318,229.98,nan,nan,nan,1.74417e+11,18.5465,18.2344,18.3241
1413,1,1,0.307707,1,1.02652,237.994,nan,nan,nan,1.98673e+11,17.7264,17.3337,17.3497
1414,1,1,1.06,3.54545,0.997158,264.784,263.632,264.784,287.745,4.25708e+11,21.4121,20.9651,20.2885
1415,1,1,0.97,2.84615,1.00048,269.661,263.932,269.661,299.638,4.34245e+11,21.1698,20.6484,19.8752
1416,1,1,0.264546,1.08333,1.06016,229.98,nan,nan,nan,1.72301e+11,18.5465,18.2344,18.3241
1417,1,1,0.31382,3.7619,0.980055,203.51,nan,nan,nan,1.40563e+11,18.8552,18.4503,18.2574
1418,1,1,0.9,2.57143,1.02691,272.057,268.894,272.057,300.441,4.44776e+11,20.8887,20.4099,19.6635
1419,1,1,0.9,2.7037,1.05337,272.057,268.894,272.057,300.441,4.56236e+11,20.8887,20.4099,19.6635
1420,1,1,0.71,2.0303,1.04174,265.461,265.461,263.91,280.03,3.96625e+11,20.3136,19.911,19.3381
1421,1,1,0.91,2.33333,0.99158,276.215,274.989,276.215,300.962,4.44071e+11,20.8209,20.3735,19.6855
1422,1,1,0.264958,3,0.996011,203.855,nan,nan,nan,1.27329e+11,17.651,17.3281,17.4041
1423,1,1,0.944711,1.7027,1.07057,336.851,nan,nan,nan,7.20243e+11,20.5495,20.1379,19.4386
1424,1,1,0.628613,3,1.08084,242.591,nan,nan,nan,3.26707e+11,19.0118,18.6283,18.1443
1425,1,1,0.944711,1.63158,1.01328,336.851,nan,nan,nan,6.81697e+11,20.5495,20.1379,19.4386
1426,1,1,0.887436,1.94118,1.07072,302.78,nan,nan,nan,5.72107e+11,20.5611,20.1465,19.5057
1427,1,1,0.63,2.125,1.02799,250.356,250.356,247.723,260.453,3.31264e+11,20.2522,19.8701,19.337
1428,1,1,1.11,4,1.01675,265.338,260.432,265.338,292.31,4.39768e+11,21.5885,21.0794,20.3435
1429,1,1,0.842398,3.54545,1.08158,255.861,nan,nan,nan,4.06258e+11,19.9214,19.5254,18.8707
1430,1,1,0.82,2.44828,1.07178,271.295,271.295,264.366,279.979,4.48735e+11,20.6019,20.2862,19.7216
1431,1,1,0.82,2.125,0.991614,271.295,271.295,264.366,279.979,4.15172e+11,20.6019,20.2862,19.7216
1432,1,1,0.320861,3.16667,1.05756,213.672,nan,nan,nan,1.69729e+11,18.6009,18.2619,18.2296
1433,1,1,0.94,1.7027,1.04715,331.878,331.878,330.056,350.781,6.82952e+11,20.0909,19.6867,19.1069
1434,1,1,0.921289,2.33333,1.08454,290.526,nan,nan,nan,5.39153e+11,19.869,19.3731,18.6196
1435,1,1,0.91,2.44828,1.02069,276.215,274.989,276.215,300.962,4.57108e+11,20.8209,20.3735,19.6855
1436,1,1,0.264958,3.16667,1.00081,203.855,nan,nan,nan,1.27943e+11,17.651,17.3281,17.4041
1437,1,1,0.921289,2.125,1.01656,290.526,nan,nan,nan,5.05361e+11,19.869,19.3731,18.6196
1438,1,1,0.220159,1.12766,1.08504,223.91,nan,nan,nan,1.45851e+11,17.2017,16.8968,17.0532
1439,1,1,0.320861,2.44828,1.02436,213.672,nan,nan,nan,1.644e+11,18.6009,18.2619,18.2296
1440,1,1,0.307707,1.08333,1.06062,237.994,nan,nan,nan,2.05273e+11,17.7264,17.3337,17.3497
1441,1,1,0.628613,2.33333,1.00158,242.591,nan,nan,nan,3.0275e+11,19.0118,18.6283,18.1443
1442,1,1,0.921289,2.0303,0.980992,290.526,nan,nan,nan,4.87678e+11,19.869,19.3731,18.6196
1443,1,1,1.25,4,1.05028,281.994,280.438,281.994,310.943,5.22402e+11,21.5851,21.133,20.3932
1444,1,1,0.94,1.63158,0.991741,331.878,331.878,330.056,350.781,6.46814e+11,20.0909,19.6867,19.1069
1445,1,1,0.320861,3.54545,1.06968,213.672,nan,nan,nan,1.71674e+11,18.6009,18.2619,18.2296
1446,1,1,0.31382,4,0.985134,203.51,nan,nan,nan,1.41292e+11,18.8552,18.4503,18.2574
1447,1,1,0.842398,3,1.02148,255.861,nan,nan,nan,3.83684e+11,19.9214,19.5254,18.8707
1448,1,1,0.320861,2.7037,1.03819,213.672,nan,nan,nan,1.66619e+11,18.6009,18.2619,18.2296
1449,1,1,0.890324,2.84615,1.08885,272.199,nan,nan,nan,4.70645e+11,20.0265,19.601,18.9429
1450,1,1,0.91,2.44828,1.02069,276.215,274.989,276.215,300.962,4.57108e+11,20.8209,20.3735,19.6855
1451,1,1,0.82,2.22581,1.01914,271.295,271.295,264.366,279.979,4.26695e+11,20.6019,20.2862,19.7216
1452,1,1,0.71,1.85714,0.992165,265.631,264.28,265.631,283.504,3.78232e+11,20.333,19.8828,19.2846
1453,1,1,0.31382,3.7619,0.980055,203.51,nan,nan,nan,1.40563e+11,18.8552,18.4503,18.2574
1454,1,1,0.921289,2.0303,0.980992,290.526,nan,nan,nan,4.87678e+11,19.869,19.3731,18.6196
1455,1,1,0.264958,2.84615,0.991086,203.855,nan,nan,nan,1.267e+11,17.651,17.3281,17.4041
1456,1,1,0.494217,1.5641,1.08003,253.946,nan,nan,nan,3.18081e+11,18.6013,18.1895,17.8406
1457,1,1,1.25,3.7619,1.02011,281.994,280.438,281.994,310.943,5.07397e+11,21.5851,21.133,20.3932
1458,1,1,0.65,1.63158,1.09239,279.414,279.414,277.385,290.285,4.44455e+11,19.8577,19.4613,18.9485
1459,1,1,0.642273,2.0303,1.0743,260.062,nan,nan,nan,3.76706e+11,19.0334,18.5873,18.0938
1460,1,1,0.494217,1.38095,1.01582,253.946,nan,nan,nan,2.99171e+11,18.6013,18.1895,17.8406
1461,1,1,0.63,2.125,1.02799,250.356,250.356,247.723,260.453,3.31264e+11,20.2522,19.8701,19.337
1462,1,1,1.11,4,1.01675,265.338,260.432,265.338,292.31,4.39768e+11,21.5885,21.0794,20.3435
1463,1,1,1.27,3.7619,1.02441,284.508,309.157,284.508,234.809,5.19633e+11,21.2042,21.137,21.6554
1464,1,1,0.320861,2.125,1.00206,213.672,nan,nan,nan,1.60821e+11,18.6009,18.2619,18.2296
1465,1,1,0.31382,3.7619,0.980055,203.51,nan,nan,nan,1.40563e+11,18.8552,18.4503,18.2574
1466,1,1,0.307707,1,1.02652,237.994,nan,nan,nan,1.98673e+11,17.7264,17.3337,17.3497
1467,1,1,0.800644,3.7619,1.04229,245.611,nan,nan,nan,3.54856e+11,19.8114,19.3625,18.7076
1468,1,1,0.63,2.44828,1.08325,250.356,250.356,247.723,260.453,3.4907e+11,20.2522,19.8701,19.337
1469,1,1,0.944711,1.63158,1.01328,336.851,nan,nan,nan,6.81697e+11,20.5495,20.1379,19.4386
1470,1,1,0.890324,2.57143,1.03702,272.199,nan,nan,nan,4.48242e+11,20.0265,19.601,18.9429
1471,1,1,0.842398,3.34783,1.06204,255.861,nan,nan,nan,3.98919e+11,19.9214,19.5254,18.8707
1472,1,1,0.63,2.22581,1.04696,250.356,250.356,247.723,260.453,3.37377e+11,20.2522,19.8701,19.337
1473,1,1,0.494217,1.63158,1.09997,253.946,nan,nan,nan,3.23954e+11,18.6013,18.1895,17.8406
1474,1,1,0.64,2.0303,1.09005,261.65,261.32,261.65,273.142,3.8632e+11,20.1076,19.674,19.1719
1475,1,1,0.63,2.44828,1.08325,250.356,250.356,247.723,260.453,3.4907e+11,20.2522,19.8701,19.337
1476,1,1,0.320861,1.94118,0.98602,213.672,nan,nan,nan,1.58247e+11,18.6009,18.2619,18.2296
1477,1,1,0.320861,2.33333,1.01715,213.672,nan,nan,nan,1.63242e+11,18.6009,18.2619,18.2296
1478,1,1,0.628613,2.84615,1.06585,242.591,nan,nan,nan,3.22175e+11,19.0118,18.6283,18.1443
1479,1,1,0.320861,2.125,1.00206,213.672,nan,nan,nan,1.60821e+11,18.6009,18.2619,18.2296
1480,1,1,0.71,1.94118,1.01802,265.631,264.28,265.631,283.504,3.88089e+11,20.333,19.8828,19.2846
1481,1,1,0.800644,3.54545,1.02539,245.611,nan,nan,nan,3.49101e+11,19.8114,19.3625,18.7076
1482,1,1,1.27,3.7619,1.02441,284.508,309.157,284.508,234.809,5.19633e+11,21.2042,21.137,21.6554
1483,1,1,0.264546,1.12766,1.07318,229.98,nan,nan,nan,1.74417e+11,18.5465,18.2344,18.3241
1484,1,1,0.71,2.22581,1.09089,265.631,264.28,265.631,283.504,4.15869e+11,20.333,19.8828,19.2846
1485,1,1,0.800644,3.34783,1.00808,245.611,nan,nan,nan,3.43208e+11,19.8114,19.3625,18.7076
1486,1,1,0.220159,1.17391,1.09503,223.91,nan,nan,nan,1.47194e+11,17.2017,16.8968,17.0532
1487,1,1,1.11,3.7619,0.992145,265.338,260.432,265.338,292.31,4.29127e+11,21.5885,21.0794,20.3435
1488,1,1,0.494217,1.5,1.05938,253.946,nan,nan,nan,3.12001e+11,18.6013,18.1895,17.8406
1489,1,1,0.65,1.63158,1.09239,279.414,279.414,277.385,290.285,4.44455e+11,19.8577,19.4613,18.9485
1490,1,1,0.842398,3.54545,1.08158,255.861,nan,nan,nan,4.06258e+11,19.9214,19.5254,18.8707
1491,1,1,0.64,1.94118,1.06772,261.65,261.32,261.65,273.142,3.78405e+11,20.1076,19.674,19.1719
1492,1,1,0.71,1.85714,0.992165,265.631,264.28,265.631,283.504,3.78232e+11,20.333,19.8828,19.2846
1493,1,1,0.94,1.7027,1.04715,331.878,331.878,330.056,350.781,6.82952e+11,20.0909,19.6867,19.1069
1494,1,1,0.800644,3.54545,1.02539,245.611,nan,nan,nan,3.49101e+11,19.8114,19.3625,18.7076
1495,1,1,0.307707,1.12766,1.07666,237.994,nan,nan,nan,2.08377e+11,17.7264,17.3337,17.3497
1496,1,1,1.25,3.54545,0.989252,281.994,280.438,281.994,310.943,4.92047e+11,21.5851,21.133,20.3932
1497,1,1,0.63,2.125,1.02799,250.356,250.356,247.723,260.453,3.31264e+11,20.2522,19.8701,19.337
1498,1,1,0.320861,2.7037,1.03819,213.672,nan,nan,nan,1.66619e+11,18.6009,18.2619,18.2296
1499,1,1,0.800644,4,1.05882,245.611,nan,nan,nan,3.60482e+11,19.8114,19.3625,18.7076
1500,1,1,0.887436,1.85714,1.03072,302.78,nan,nan,nan,5.50733e+11,20.5611,20.1465,19.5057
1501,1,1,0.65,1.63158,0.981881,264.904,264.904,263.979,274.639,3.5908e+11,20.0893,19.6764,19.1891
1502,1,1,0.642273,1.94118,1.05218,260.062,nan,nan,nan,3.68947e+11,19.0334,18.5873,18.0938
1503,1,1,0.82,2.57143,1.09698,271.295,271.295,264.366,279.979,4.59286e+11,20.6019,20.2862,19.7216
1504,1,1,0.628613,2.33333,1.00158,242.591,nan,nan,nan,3.0275e+11,19.0118,18.6283,18.1443
1505,1,1,1.25,3.54545,0.989252,281.994,280.438,281.994,310.943,4.92047e+11,21.5851,21.133,20.3932
1506,1,1,0.82,2.125,0.991614,271.295,271.295,264.366,279.979,4.15172e+11,20.6019,20.2862,19.7216
1507,1,1,1.06,3.54545,0.997158,264.784,263.632,264.784,287.745,4.25708e+11,21.4121,20.9651,20.2885
1508,1,1,0.65,1.5,1.03047,279.414,279.414,277.385,290.285,4.19263e+11,19.8577,19.4613,18.9485
1509,1,1,0.9,2.44828,0.999698,272.057,268.894,272.057,300.441,4.32989e+11,20.8887,20.4099,19.6635
1510,1,1,0.64,1.77778,1.02085,261.65,261.32,261.65,273.142,3.61795e+11,20.1076,19.674,19.1719
1511,1,1,0.307707,1,1.02652,237.994,nan,nan,nan,1.98673e+11,17.7264,17.3337,17.3497
1512,1,1,0.71,2.125,1.06599,265.461,265.461,263.91,280.03,4.05856e+11,20.3136,19.911,19.3381
1513,1,1,0.82,2.33333,1.04584,271.295,271.295,264.366,279.979,4.37877e+11,20.6019,20.2862,19.7216
1514,1,1,0.800644,3.34783,1.00808,245.611,nan,nan,nan,3.43208e+11,19.8114,19.3625,18.7076
1515,1,1,0.842398,3,1.02148,255.861,nan,nan,nan,3.83684e+11,19.9214,19.5254,18.8707
1516,1,1,0.800644,4,1.05882,245.611,nan,nan,nan,3.60482e+11,19.8114,19.3625,18.7076
1517,1,1,1.06,4,1.04512,264.784,263.632,264.784,287.745,4.46182e+11,21.4121,20.9651,20.2885
1518,1,1,0.320861,2.57143,1.03137,213.672,nan,nan,nan,1.65525e+11,18.6009,18.2619,18.2296
1519,1,1,0.921289,2.33333,1.08454,290.526,nan,nan,nan,5.39153e+11,19.869,19.3731,18.6196
1520,1,1,0.63,2.125,1.02799,250.356,250.356,247.723,260.453,3.31264e+11,20.2522,19.8701,19.337
1521,1,1,0.264958,2.7037,0.986027,203.855,nan,nan,nan,1.26053e+11,17.651,17.3281,17.4041
1522,1,1,0.31382,4,0.985134,203.51,nan,nan,nan,1.41292e+11,18.8552,18.4503,18.2574
1523,1,1,0.320861,3.54545,1.06968,213.672,nan,nan,nan,1.71674e+11,18.6009,18.2619,18.2296
1524,1,1,0.890324,2.7037,1.06329,272.199,nan,nan,nan,4.59597e+11,20.0265,19.601,18.9429
1525,1,1,0.628613,2.22581,0.98433,242.591,nan,nan,nan,2.97535e+11,19.0118,18.6283,18.1443
1526,1,1,0.9,2.84615,1.07911,272.057,268.894,272.057,300.441,4.67385e+11,20.8887,20.4099,19.6635
1527,1,1,0.628613,3.16667,1.09545,242.591,nan,nan,nan,3.31122e+11,19.0118,18.6283,18.1443
1528,1,1,0.220159,1.12766,1.08504,223.91,nan,nan,nan,1.45851e+11,17.2017,16.8968,17.0532
1529,1,1,0.220159,1.04082,1.06383,223.91,nan,nan,nan,1.43e+11,17.2017,16.8968,17.0532
1530,1,1,0.94,1.7027,1.04715,331.878,331.878,330.056,350.781,6.82952e+11,20.0909,19.6867,19.1069
1531,1,1,1.25,3.7619,1.02011,281.994,280.438,281.994,310.943,5.07397e+11,21.5851,21.133,20.3932
1532,1,1,0.800644,3.7619,1.04229,245.611,nan,nan,nan,3.54856e+11,19.8114,19.3625,18.7076
1533,1,1,0.842398,2.84615,1.0004,255.861,nan,nan,nan,3.75768e+11,19.9214,19.5254,18.8707
1534,1,1,0.642273,1.94118,1.05218,260.062,nan,nan,nan,3.68947e+11,19.0334,18.5873,18.0938
1535,1,1,0.9,2.57143,1.02691,272.057,268.894,272.057,300.441,4.44776e+11,20.8887,20.4099,19.6635
1536,1,1,0.494217,1.63158,1.09997,253.946,nan,nan,nan,3.23954e+11,18.6013,18.1895,17.8406
1537,1,1,0.921289,2.33333,1.08454,290.526,nan,nan,nan,5.39153e+11,19.869,19.3731,18.6196
1538,1,1,0.494217,1.63158,1.09997,253.946,nan,nan,nan,3.23954e+11,18.6013,18.1895,17.8406
1539,1,1,0.94,1.7027,1.04715,331.878,331.878,330.056,350.781,6.82952e+11,20.0909,19.6867,19.1069
1540,1,1,0.64,1.7027,0.996241,261.65,261.32,261.65,273.142,3.53072e+11,20.1076,19.674,19.1719
1541,1,1,0.82,2.125,0.991614,271.295,271.295,264.366,279.979,4.15172e+11,20.6019,20.2862,19.7216
1542,1,1,0.320861,1.94118,0.98602,213.672,nan,nan,nan,1.58247e+11,18.6009,18.2619,18.2296
1543,1,1,0.842398,2.84615,1.0004,255.861,nan,nan,nan,3.75768e+11,19.9214,19.5254,18.8707
1544,1,1,0.628613,2.7037,1.05045,242.591,nan,nan,nan,3.1752e+11,19.0118,18.6283,18.1443
1545,1,1,0.71,2.125,1.06735,265.631,264.28,265.631,283.504,4.06893e+11,20.333,19.8828,19.2846
1546,1,1,0.71,2.0303,1.04307,265.631,264.28,265.631,283.504,3.97638e+11,20.333,19.8828,19.2846
1547,1,1,0.320861,3.16667,1.05756,213.672,nan,nan,nan,1.69729e+11,18.6009,18.2619,18.2296
1548,1,1,0.642273,2.125,1.09575,260.062,nan,nan,nan,3.84226e+11,19.0334,18.5873,18.0938
1549,1,1,0.787369,1.63158,1.04713,301.487,nan,nan,nan,5.34118e+11,19.6921,19.2656,18.6834
1550,1,1,0.63,2.0303,1.00843,250.356,250.356,247.723,260.453,3.2496e+11,20.2522,19.8701,19.337
1551,1,1,0.264958,2.57143,0.980828,203.855,nan,nan,nan,1.25388e+11,17.651,17.3281,17.4041
1552,1,1,0.71,1.85714,0.992165,265.631,264.28,265.631,283.504,3.78232e+11,20.333,19.8828,19.2846
1553,1,1,0.71,2.22581,1.0895,265.461,265.461,263.91,280.03,4.14809e+11,20.3136,19.911,19.3381
1554,1,1,1.03,2.84615,0.99921,276.379,276.379,271.484,285.06,4.61963e+11,21.1302,20.7797,20.2524
1555,1,1,0.921289,2.33333,1.08454,290.526,nan,nan,nan,5.39153e+11,19.869,19.3731,18.6196
1556,1,1,0.65,1.5641,1.06197,279.414,279.414,277.385,290.285,4.32078e+11,19.8577,19.4613,18.9485
1557,1,1,0.64,2.0303,1.09005,261.65,261.32,261.65,273.142,3.8632e+11,20.1076,19.674,19.1719
1558,1,1,0.320861,2.84615,1.04482,213.672,nan,nan,nan,1.67683e+11,18.6009,18.2619,18.2296
1559,1,1,0.890324,2.7037,1.06329,272.199,nan,nan,nan,4.59597e+11,20.0265,19.601,18.9429
1560,1,1,0.642273,1.94118,1.05218,260.062,nan,nan,nan,3.68947e+11,19.0334,18.5873,18.0938
1561,1,1,0.320861,2.57143,1.03137,213.672,nan,nan,nan,1.65525e+11,18.6009,18.2619,18.2296
1562,1,1,0.82,2.44828,1.07178,271.295,271.295,264.366,279.979,4.48735e+11,20.6019,20.2862,19.7216
1563,1,1,1.06,3.7619,1.02141,264.784,263.632,264.784,287.745,4.36061e+11,21.4121,20.9651,20.2885
1564,1,1,1.11,3.7619,0.992145,265.338,260.432,265.338,292.31,4.29127e+11,21.5885,21.0794,20.3435
1565,1,1,0.808909,2.0303,1.07886,285.315,nan,nan,nan,4.97362e+11,19.8811,19.4247,18.7504
1566,1,1,0.628613,2.7037,1.05045,242.591,nan,nan,nan,3.1752e+11,19.0118,18.6283,18.1443
1567,1,1,1.11,3.7619,0.992145,265.338,260.432,265.338,292.31,4.29127e+11,21.5885,21.0794,20.3435
1568,1,1,0.91,2.44828,1.02069,276.215,274.989,276.215,300.962,4.57108e+11,20.8209,20.3735,19.6855
1569,1,1,0.842398,2.84615,1.0004,255.861,nan,nan,nan,3.75768e+11,19.9214,19.5254,18.8707
1570,1,1,0.91,2.33333,0.99158,276.215,274.989,276.215,300.962,4.44071e+11,20.8209,20.3735,19.6855
1571,1,1,0.494217,1.43902,1.03799,253.946,nan,nan,nan,3.05701e+11,18.6013,18.1895,17.8406
1572,1,1,0.71,2.125,1.06599,265.461,265.461,263.91,280.03,4.05856e+11,20.3136,19.911,19.3381
1573,1,1,0.220159,1.12766,1.08504,223.91,nan,nan,nan,1.45851e+11,17.2017,16.8968,17.0532
1574,1,1,0.494217,1.63158,1.09997,253.946,nan,nan,nan,3.23954e+11,18.6013,18.1895,17.8406
1575,1,1,0.628613,2.84615,1.06585,242.591,nan,nan,nan,3.22175e+11,19.0118,18.6283,18.1443
1576,1,1,0.82,2.44828,1.07178,271.295,271.295,264.366,279.979,4.48735e+11,20.6019,20.2862,19.7216
1577,1,1,0.642273,1.77778,1.00574,260.062,nan,nan,nan,3.52664e+11,19.0334,18.5873,18.0938
1578,1,1,0.71,1.85714,0.992165,265.631,264.28,265.631,283.504,3.78232e+11,20.333,19.8828,19.2846
1579,1,1,0.944711,1.63158,1.01328,336.851,nan,nan,nan,6.81697e+11,20.5495,20.1379,19.4386
1580,1,1,0.320861,3,1.05127,213.672,nan,nan,nan,1.6872e+11,18.6009,18.2619,18.2296
1581,1,1,0.264958,3,0.996011,203.855,nan,nan,nan,1.27329e+11,17.651,17.3281,17.4041
1582,1,1,0.628613,2.7037,1.05045,242.591,nan,nan,nan,3.1752e+11,19.0118,18.6283,18.1443
1583,1,1,0.628613,2.33333,1.00158,242.591,nan,nan,nan,3.0275e+11,19.0118,18.6283,18.1443
1584,1,1,0.628613,2.57143,1.03462,242.591,nan,nan,nan,3.12736e+11,19.0118,18.6283,18.1443
1585,1,1,1.11,3.7619,0.992145,265.338,260.432,265.338,292.31,4.29127e+11,21.5885,21.0794,20.3435
1586,1,1,0.320861,3.7619,1.07553,213.672,nan,nan,nan,1.72612e+11,18.6009,18.2619,18.2296
1587,1,1,0.91,2.33333,0.99158,276.215,274.989,276.215,300.962,4.44071e+11,20.8209,20.3735,19.6855
1588,1,1,0.64,2.0303,1.09005,261.65,261.32,261.65,273.142,3.8632e+11,20.1076,19.674,19.1719
1589,1,1,0.890324,2.57143,1.03702,272.199,nan,nan,nan,4.48242e+11,20.0265,19.601,18.9429
1590,1,1,0.320861,2.33333,1.01715,213.672,nan,nan,nan,1.63242e+11,18.6009,18.2619,18.2296
1591,1,1,0.642273,1.94118,1.05218,260.062,nan,nan,nan,3.68947e+11,19.0334,18.5873,18.0938
1592,1,1,0.628613,3.16667,1.09545,242.591,nan,nan,nan,3.31122e+11,19.0118,18.6283,18.1443
1593,1,1,0.264958,3.16667,1.00081,203.855,nan,nan,nan,1.27943e+11,17.651,17.3281,17.4041
1594,1,1,0.64,2.0303,1.09005,261.65,261.32,261.65,273.142,3.8632e+11,20.1076,19.674,19.1719
1595,1,1,0.9,2.7037,1.05337,272.057,268.894,272.057,300.441,4.56236e+11,20.8887,20.4099,19.6635
1596,1,1,0.82,2.125,0.991614,271.295,271.295,264.366,279.979,4.15172e+11,20.6019,20.2862,19.7216
1597,1,1,0.82,2.22581,1.01914,271.295,271.295,264.366,279.979,4.26695e+11,20.6019,20.2862,19.7216
1598,1,1,0.91,2.33333,0.99158,276.215,274.989,276.215,300.962,4.44071e+11,20.8209,20.3735,19.6855
1599,1,1,0.320861,3.54545,1.06968,213.672,nan,nan,nan,1.71674e+11,18.6009,18.2619,18.2296
1600,1,1,0.63,2.33333,1.06537,250.356,250.356,247.723,260.453,3.4331e+11,20.2522,19.8701,19.337
1601,1,1,0.64,1.77778,1.02085,261.65,261.32,261.65,273.142,3.61795e+11,20.1076,19.674,19.1719
1602,1,1,0.307707,1.08333,1.06062,237.994,nan,nan,nan,2.05273e+11,17.7264,17.3337,17.3497
1603,1,1,0.494217,1.5641,1.08003,253.946,nan,nan,nan,3.18081e+11,18.6013,18.1895,17.8406
1604,1,1,0.494217,1.63158,1.09997,253.946,nan,nan,nan,3.23954e+11,18.6013,18.1895,17.8406
1605,1,1,0.800644,3.34783,1.00808,245.611,nan,nan,nan,3.43208e+11,19.8114,19.3625,18.7076
1606,1,1,0.82,2.125,0.991614,271.295,271.295,264.366,279.979,4.15172e+11,20.6019,20.2862,19.7216
1607,1,1,1.27,3.54545,0.992663,284.508,309.157,284.508,234.809,5.03527e+11,21.2042,21.137,21.6554
1608,1,1,0.320861,2.125,1.00206,213.672,nan,nan,nan,1.60821e+11,18.6009,18.2619,18.2296
1609,1,1,0.97,2.84615,1.00048,269.661,263.932,269.661,299.638,4.34245e+11,21.1698,20.6484,19.8752
1610,1,1,0.71,2.0303,1.04174,265.461,265.461,263.91,280.03,3.96625e+11,20.3136,19.911,19.3381
1611,1,1,0.264958,3.7619,1.01451,203.855,nan,nan,nan,1.29695e+11,17.651,17.3281,17.4041
1612,1,1,0.63,1.27273,1.05999,298.775,297.468,298.775,316.909,4.86471e+11,19.5034,19.0563,18.485
1613,1,1,0.842398,3.54545,1.08158,255.861,nan,nan,nan,4.06258e+11,19.9214,19.5254,18.8707
1614,1,1,0.65,1.63158,1.09239,279.414,279.414,277.385,290.285,4.44455e+11,19.8577,19.4613,18.9485
1615,1,1,0.628613,3,1.08084,242.591,nan,nan,nan,3.26707e+11,19.0118,18.6283,18.1443
1616,1,1,0.220159,1,1.05255,223.91,nan,nan,nan,1.41484e+11,17.2017,16.8968,17.0532
1617,1,1,0.97,3.16667,1.05189,269.661,263.932,269.661,299.638,4.56561e+11,21.1698,20.6484,19.8752
1618,1,1,0.890324,2.44828,1.01,272.199,nan,nan,nan,4.36563e+11,20.0265,19.601,18.9429
1619,1,1,0.494217,1.38095,1.01582,253.946,nan,nan,nan,2.99171e+11,18.6013,18.1895,17.8406
1620,1,1,0.890324,2.33333,0.982193,272.199,nan,nan,nan,4.24543e+11,20.0265,19.601,18.9429
1621,1,1,0.71,2.0303,1.04307,265.631,264.28,265.631,283.504,3.97638e+11,20.333,19.8828,19.2846
1622,1,1,0.890324,2.44828,1.01,272.199,nan,nan,nan,4.36563e+11,20.0265,19.601,18.9429
1623,1,1,0.264546,1.12766,1.07318,229.98,nan,nan,nan,1.74417e+11,18.5465,18.2344,18.3241
1624,1,1,0.494217,1.5,1.05938,253.946,nan,nan,nan,3.12001e+11,18.6013,18.1895,17.8406
1625,1,1,0.220159,1.12766,1.08504,223.91,nan,nan,nan,1.45851e+11,17.2017,16.8968,17.0532
1626,1,1,0.887436,1.77778,0.989401,302.78,nan,nan,nan,5.28655e+11,20.5611,20.1465,19.5057
1627,1,1,1.25,3.7619,1.02011,281.994,280.438,281.994,310.943,5.07397e+11,21.5851,21.133,20.3932
1628,1,1,0.63,2.33333,1.06537,250.356,250.356,247.723,260.453,3.4331e+11,20.2522,19.8701,19.337
1629,1,1,0.264958,3.34783,1.00549,203.855,nan,nan,nan,1.28541e+11,17.651,17.3281,17.4041
1630,1,1,0.842398,3,1.02148,255.861,nan,nan,nan,3.83684e+11,19.9214,19.5254,18.8707
1631,1,1,0.890324,2.57143,1.03702,272.199,nan,nan,nan,4.48242e+11,20.0265,19.601,18.9429
1632,1,1,0.320861,3.34783,1.0637,213.672,nan,nan,nan,1.70713e+11,18.6009,18.2619,18.2296
1633,1,1,0.91,2.57143,1.04898,276.215,274.989,276.215,300.962,4.69776e+11,20.8209,20.3735,19.6855
1634,1,1,0.63,2.125,1.02799,250.356,250.356,247.723,260.453,3.31264e+11,20.2522,19.8701,19.337
1635,1,1,0.642273,1.7027,0.981354,260.062,nan,nan,nan,3.44114e+11,19.0334,18.5873,18.0938
1636,1,1,0.890324,2.33333,0.982193,272.199,nan,nan,nan,4.24543e+11,20.0265,19.601,18.9429
1637,1,1,0.63,2.22581,1.04696,250.356,250.356,247.723,260.453,3.37377e+11,20.2522,19.8701,19.337
1638,1,1,0.320861,3.54545,1.06968,213.672,nan,nan,nan,1.71674e+11,18.6009,18.2619,18.2296
1639,1,1,1.11,3.7619,0.992145,265.338,260.432,265.338,292.31,4.29127e+11,21.5885,21.0794,20.3435
1640,1,1,0.220159,1.04082,1.06383,223.91,nan,nan,nan,1.43e+11,17.2017,16.8968,17.0532
1641,1,1,0.944711,1.63158,1.01328,336.851,nan,nan,nan,6.81697e+11,20.5495,20.1379,19.4386
1642,1,1,0.264546,1.17391,1.0857,229.98,nan,nan,nan,1.76451e+11,18.5465,18.2344,18.3241
1643,1,1,0.64,2.0303,1.09005,261.65,261.32,261.65,273.142,3.8632e+11,20.1076,19.674,19.1719
1644,1,1,0.264958,2.57143,0.980828,203.855,nan,nan,nan,1.25388e+11,17.651,17.3281,17.4041
1645,1,1,0.320861,3.54545,1.06968,213.672,nan,nan,nan,1.71674e+11,18.6009,18.2619,18.2296
1646,1,1,0.220159,1.08333,1.07465,223.91,nan,nan,nan,1.44455e+11,17.2017,16.8968,17.0532
1647,1,1,0.725437,1.43902,1.02032,300.684,nan,nan,nan,5.02537e+11,19.6692,19.2502,18.6844
1648,1,1,1.06,3.7619,1.02141,264.784,263.632,264.784,287.745,4.36061e+11,21.4121,20.9651,20.2885
1649,1,1,0.82,2.57143,1.09698,271.295,271.295,264.366,279.979,4.59286e+11,20.6019,20.2862,19.7216
1650,1,1,0.628613,3.16667,1.09545,242.591,nan,nan,nan,3.31122e+11,19.0118,18.6283,18.1443
1651,1,1,0.628613,3,1.08084,242.591,nan,nan,nan,3.26707e+11,19.0118,18.6283,18.1443
1652,1,1,1.03,3,1.02779,276.379,276.379,271.484,285.06,4.75178e+11,21.1302,20.7797,20.2524
1653,1,1,0.800644,4,1.05882,245.611,nan,nan,nan,3.60482e+11,19.8114,19.3625,18.7076
1654,1,1,0.808909,1.94118,1.04682,285.315,nan,nan,nan,4.8259e+11,19.8811,19.4247,18.7504
1655,1,1,0.320861,3.34783,1.0637,213.672,nan,nan,nan,1.70713e+11,18.6009,18.2619,18.2296
1656,1,1,0.264546,1.22222,1.09773,229.98,nan,nan,nan,1.78406e+11,18.5465,18.2344,18.3241
1657,1,1,0.264958,3.54545,1.01005,203.855,nan,nan,nan,1.29124e+11,17.651,17.3281,17.4041
1658,1,1,0.842398,3.16667,1.04201,255.861,nan,nan,nan,3.91398e+11,19.9214,19.5254,18.8707
1659,1,1,0.808909,1.85714,1.01375,285.315,nan,nan,nan,4.67342e+11,19.8811,19.4247,18.7504
1660,1,1,0.842398,3,1.02148,255.861,nan,nan,nan,3.83684e+11,19.9214,19.5254,18.8707
1661,1,1,0.307707,1.22222,1.10688,237.994,nan,nan,nan,2.14227e+11,17.7264,17.3337,17.3497
1662,1,1,0.65,1.7027,1.12179,279.414,279.414,277.385,290.285,4.56417e+11,19.8577,19.4613,18.9485
1663,1,1,0.65,1.85714,1.17772,279.414,279.414,277.385,290.285,4.79174e+11,19.8577,19.4613,18.9485
1664,1,1,0.9,3,1.10418,272.057,268.894,272.057,300.441,4.78241e+11,20.8887,20.4099,19.6635
1665,1,1,0.82,3,1.16852,271.295,271.295,264.366,279.979,4.8924e+11,20.6019,20.2862,19.7216
1666,1,1,0.494217,2.0303,1.19027,253.946,nan,nan,nan,3.50549e+11,18.6013,18.1895,17.8406
1667,1,1,0.63,3.16667,1.16552,250.356,250.356,247.723,260.453,3.75582e+11,20.2522,19.8701,19.337
1668,1,1,0.82,3.16667,1.19113,271.295,271.295,264.366,279.979,4.98707e+11,20.6019,20.2862,19.7216
1669,1,1,0.842398,3.7619,1.10066,255.861,nan,nan,nan,4.13426e+11,19.9214,19.5254,18.8707
1670,1,1,0.642273,2.33333,1.13673,260.062,nan,nan,nan,3.98597e+11,19.0334,18.5873,18.0938
1671,1,1,1.03,3.7619,1.13518,276.379,276.379,271.484,285.06,5.24824e+11,21.1302,20.7797,20.2524
1672,1,1,1.03,4,1.16048,276.379,276.379,271.484,285.06,5.3652e+11,21.1302,20.7797,20.2524
1673,1,1,0.63,1.38095,1.13966,298.775,297.468,298.775,316.909,5.23036e+11,19.5034,19.0563,18.485
1674,1,1,0.307707,1.27273,1.12114,237.994,nan,nan,nan,2.16987e+11,17.7264,17.3337,17.3497
1675,1,1,0.97,3.54545,1.10077,269.661,263.932,269.661,299.638,4.77777e+11,21.1698,20.6484,19.8752
1676,1,1,0.220159,1.77778,1.17683,223.91,nan,nan,nan,1.5819e+11,17.2017,16.8968,17.0532
1677,1,1,0.808909,2.33333,1.16927,285.315,nan,nan,nan,5.39039e+11,19.8811,19.4247,18.7504
1678,1,1,0.628613,3.54545,1.12359,242.591,nan,nan,nan,3.39629e+11,19.0118,18.6283,18.1443
1679,1,1,0.82,3,1.16852,271.295,271.295,264.366,279.979,4.8924e+11,20.6019,20.2862,19.7216
1680,1,1,0.220159,1.7027,1.16988,223.91,nan,nan,nan,1.57256e+11,17.2017,16.8968,17.0532
1681,1,1,0.944711,1.77778,1.12597,336.851,nan,nan,nan,7.57516e+11,20.5495,20.1379,19.4386
1682,1,1,0.63,3.7619,1.21003,250.356,250.356,247.723,260.453,3.89926e+11,20.2522,19.8701,19.337
1683,1,1,0.64,2.7037,1.21075,261.65,261.32,261.65,273.142,4.29097e+11,20.1076,19.674,19.1719
1684,1,1,0.887436,2.0303,1.10947,302.78,nan,nan,nan,5.92811e+11,20.5611,20.1465,19.5057
1685,1,1,0.264546,1.94118,1.20477,229.98,nan,nan,nan,1.95803e+11,18.5465,18.2344,18.3241
1686,1,1,0.307707,1.5,1.17315,237.994,nan,nan,nan,2.27053e+11,17.7264,17.3337,17.3497
1687,1,1,0.71,2.44828,1.13593,265.631,264.28,265.631,283.504,4.33037e+11,20.333,19.8828,19.2846
1688,1,1,0.64,2.44828,1.17285,261.65,261.32,261.65,273.142,4.15662e+11,20.1076,19.674,19.1719
1689,1,1,0.890324,3.7619,1.20722,272.199,nan,nan,nan,5.2181e+11,20.0265,19.601,18.9429
1690,1,1,0.63,2.7037,1.11751,250.356,250.356,247.723,260.453,3.6011e+11,20.2522,19.8701,19.337
1691,1,1,0.9,3.7619,1.19833,272.057,268.894,272.057,300.441,5.19022e+11,20.8887,20.4099,19.6635
1692,1,1,0.220159,1.85714,1.18355,223.91,nan,nan,nan,1.59093e+11,17.2017,16.8968,17.0532
1693,1,1,0.65,1.7027,1.12179,279.414,279.414,277.385,290.285,4.56417e+11,19.8577,19.4613,18.9485
1694,1,1,0.71,2.84615,1.19731,265.461,265.461,263.91,280.03,4.55854e+11,20.3136,19.911,19.3381
1695,1,1,0.91,3.54545,1.20357,276.215,274.989,276.215,300.962,5.39009e+11,20.8209,20.3735,19.6855
1696,1,1,0.307707,1.63158,1.1965,237.994,nan,nan,nan,2.31571e+11,17.7264,17.3337,17.3497
1697,1,1,0.65,2.125,1.12817,264.904,264.904,263.979,274.639,4.1258e+11,20.0893,19.6764,19.1891
1698,1,1,1.03,3.54545,1.1093,276.379,276.379,271.484,285.06,5.12859e+11,21.1302,20.7797,20.2524
1699,1,1,0.787369,1.94118,1.19918,301.487,nan,nan,nan,6.11675e+11,19.6921,19.2656,18.6834
1700,1,1,0.71,2.57143,1.15601,265.461,265.461,263.91,280.03,4.4013e+11,20.3136,19.911,19.3381
1701,1,1,0.71,2.84615,1.19731,265.461,265.461,263.91,280.03,4.55854e+11,20.3136,19.911,19.3381
1702,1,1,0.71,2.7037,1.17844,265.631,264.28,265.631,283.504,4.49245e+11,20.333,19.8828,19.2846
1703,1,1,0.492792,1.27273,1.13336,274.333,nan,nan,nan,3.88934e+11,18.6875,18.2679,18.0159
1704,1,1,0.71,3,1.21869,265.631,264.28,265.631,283.504,4.64588e+11,20.333,19.8828,19.2846
1705,1,1,0.887436,2.33333,1.2188,302.78,nan,nan,nan,6.51228e+11,20.5611,20.1465,19.5057
1706,1,1,0.944711,1.85714,1.17958,336.851,nan,nan,nan,7.9358e+11,20.5495,20.1379,19.4386
1707,1,1,0.494217,1.77778,1.13787,253.946,nan,nan,nan,3.35118e+11,18.6013,18.1895,17.8406
1708,1,1,0.264546,1.32558,1.12045,229.98,nan,nan,nan,1.821e+11,18.5465,18.2344,18.3241
1709,1,1,0.220159,1.38095,1.13134,223.91,nan,nan,nan,1.52075e+11,17.2017,16.8968,17.0532
1710,1,1,0.82,3,1.16852,271.295,271.295,264.366,279.979,4.8924e+11,20.6019,20.2862,19.7216
1711,1,1,0.9,3,1.10418,272.057,268.894,272.057,300.441,4.78241e+11,20.8887,20.4099,19.6635
1712,1,1,0.808909,2.33333,1.16927,285.315,nan,nan,nan,5.39039e+11,19.8811,19.4247,18.7504
1713,1,1,0.220159,2.44828,1.21972,223.91,nan,nan,nan,1.63955e+11,17.2017,16.8968,17.0532
1714,1,1,0.890324,3.16667,1.13798,272.199,nan,nan,nan,4.91881e+11,20.0265,19.601,18.9429
1715,1,1,0.642273,2.57143,1.17537,260.062,nan,nan,nan,4.12147e+11,19.0334,18.5873,18.0938
1716,1,1,0.307707,1.38095,1.1481,237.994,nan,nan,nan,2.22204e+11,17.7264,17.3337,17.3497
1717,1,1,0.307707,1.27273,1.12114,237.994,nan,nan,nan,2.16987e+11,17.7264,17.3337,17.3497
1718,1,1,0.725437,1.77778,1.21321,300.684,nan,nan,nan,5.97542e+11,19.6692,19.2502,18.6844
1719,1,1,0.94,1.77778,1.10073,331.878,331.878,330.056,350.781,7.17896e+11,20.0909,19.6867,19.1069
1720,1,1,0.264546,1.5641,1.16118,229.98,nan,nan,nan,1.88719e+11,18.5465,18.2344,18.3241
1721,1,1,0.492792,1.32558,1.16115,274.333,nan,nan,nan,3.9847e+11,18.6875,18.2679,18.0159
1722,1,1,0.63,2.57143,1.10062,250.356,250.356,247.723,260.453,3.54668e+11,20.2522,19.8701,19.337
1723,1,1,0.97,3.54545,1.10077,269.661,263.932,269.661,299.638,4.77777e+11,21.1698,20.6484,19.8752
1724,1,1,0.220159,2.33333,1.21414,223.91,nan,nan,nan,1.63205e+11,17.2017,16.8968,17.0532
1725,1,1,0.264546,1.43902,1.14155,229.98,nan,nan,nan,1.85528e+11,18.5465,18.2344,18.3241
1726,1,1,0.494217,2.125,1.20666,253.946,nan,nan,nan,3.55376e+11,18.6013,18.1895,17.8406
1727,1,1,0.642273,2.57143,1.17537,260.062,nan,nan,nan,4.12147e+11,19.0334,18.5873,18.0938
1728,1,1,0.642273,2.33333,1.13673,260.062,nan,nan,nan,3.98597e+11,19.0334,18.5873,18.0938
1729,1,1,0.220159,2.125,1.20246,223.91,nan,nan,nan,1.61635e+11,17.2017,16.8968,17.0532
1730,1,1,0.71,2.7037,1.17694,265.461,265.461,263.91,280.03,4.481e+11,20.3136,19.911,19.3381
1731,1,1,0.494217,1.7027,1.11924,253.946,nan,nan,nan,3.2963e+11,18.6013,18.1895,17.8406
1732,1,1,0.220159,2.44828,1.21972,223.91,nan,nan,nan,1.63955e+11,17.2017,16.8968,17.0532
1733,1,1,0.307707,1.22222,1.10688,237.994,nan,nan,nan,2.14227e+11,17.7264,17.3337,17.3497
1734,1,1,0.307707,1.5,1.17315,237.994,nan,nan,nan,2.27053e+11,17.7264,17.3337,17.3497
1735,1,1,0.65,2.22581,1.14997,264.904,264.904,263.979,274.639,4.2055e+11,20.0893,19.6764,19.1891
1736,1,1,0.91,3.16667,1.15467,276.215,274.989,276.215,300.962,5.1711e+11,20.8209,20.3735,19.6855
1737,1,1,0.64,2.57143,1.19207,261.65,261.32,261.65,273.142,4.22474e+11,20.1076,19.674,19.1719
1738,1,1,0.65,2.57143,1.21161,264.904,264.904,263.979,274.639,4.43092e+11,20.0893,19.6764,19.1891
1739,1,1,0.787369,1.85714,1.16302,301.487,nan,nan,nan,5.93229e+11,19.6921,19.2656,18.6834
1740,1,1,0.264546,1.5641,1.16118,229.98,nan,nan,nan,1.88719e+11,18.5465,18.2344,18.3241
1741,1,1,0.887436,2.33333,1.2188,302.78,nan,nan,nan,6.51228e+11,20.5611,20.1465,19.5057
1742,1,1,0.307707,1.5,1.17315,237.994,nan,nan,nan,2.27053e+11,17.7264,17.3337,17.3497
1743,1,1,0.808909,2.22581,1.14004,285.315,nan,nan,nan,5.25564e+11,19.8811,19.4247,18.7504
1744,1,1,0.220159,1.38095,1.13134,223.91,nan,nan,nan,1.52075e+11,17.2017,16.8968,17.0532
1745,1,1,0.921289,2.44828,1.11704,290.526,nan,nan,nan,5.55313e+11,19.869,19.3731,18.6196
1746,1,1,0.787369,1.85714,1.16302,301.487,nan,nan,nan,5.93229e+11,19.6921,19.2656,18.6834
1747,1,1,0.808909,2.22581,1.14004,285.315,nan,nan,nan,5.25564e+11,19.8811,19.4247,18.7504
1748,1,1,0.71,2.7037,1.17844,265.631,264.28,265.631,283.504,4.49245e+11,20.333,19.8828,19.2846
1749,1,1,0.628613,4,1.15043,242.591,nan,nan,nan,3.47744e+11,19.0118,18.6283,18.1443
1750,1,1,0.921289,2.84615,1.20922,290.526,nan,nan,nan,6.01135e+11,19.869,19.3731,18.6196
1751,1,1,0.65,2.57143,1.21161,264.904,264.904,263.979,274.639,4.43092e+11,20.0893,19.6764,19.1891
1752,1,1,0.220159,1.43902,1.1396,223.91,nan,nan,nan,1.53185e+11,17.2017,16.8968,17.0532
1753,1,1,0.220159,1.85714,1.18355,223.91,nan,nan,nan,1.59093e+11,17.2017,16.8968,17.0532
1754,1,1,0.890324,3.7619,1.20722,272.199,nan,nan,nan,5.2181e+11,20.0265,19.601,18.9429
1755,1,1,0.842398,4,1.11931,255.861,nan,nan,nan,4.20433e+11,19.9214,19.5254,18.8707
1756,1,1,0.492792,1.27273,1.13336,274.333,nan,nan,nan,3.88934e+11,18.6875,18.2679,18.0159
1757,1,1,0.264546,1.85714,1.19662,229.98,nan,nan,nan,1.94478e+11,18.5465,18.2344,18.3241
1758,1,1,0.97,4,1.1474,269.661,263.932,269.661,299.638,4.98015e+11,21.1698,20.6484,19.8752
1759,1,1,0.220159,1.5641,1.15527,223.91,nan,nan,nan,1.55291e+11,17.2017,16.8968,17.0532
1760,1,1,0.220159,1.7027,1.16988,223.91,nan,nan,nan,1.57256e+11,17.2017,16.8968,17.0532
1761,1,1,0.65,1.85714,1.17772,279.414,279.414,277.385,290.285,4.79174e+11,19.8577,19.4613,18.9485
1762,1,1,0.307707,1.5641,1.18503,237.994,nan,nan,nan,2.29351e+11,17.7264,17.3337,17.3497
1763,1,1,0.71,3,1.21713,265.461,265.461,263.91,280.03,4.63403e+11,20.3136,19.911,19.3381
1764,1,1,0.307707,1.7027,1.20758,237.994,nan,nan,nan,2.33716e+11,17.7264,17.3337,17.3497
1765,1,1,0.97,3.7619,1.12435,269.661,263.932,269.661,299.638,4.88011e+11,21.1698,20.6484,19.8752
1766,1,1,0.642273,2.22581,1.11655,260.062,nan,nan,nan,3.91519e+11,19.0334,18.5873,18.0938
1767,1,1,0.642273,2.33333,1.13673,260.062,nan,nan,nan,3.98597e+11,19.0334,18.5873,18.0938
1768,1,1,0.91,3.54545,1.20357,276.215,274.989,276.215,300.962,5.39009e+11,20.8209,20.3735,19.6855
1769,1,1,0.63,2.84615,1.13394,250.356,250.356,247.723,260.453,3.65404e+11,20.2522,19.8701,19.337
1770,1,1,0.94,1.85714,1.15257,331.878,331.878,330.056,350.781,7.51706e+11,20.0909,19.6867,19.1069
1771,1,1,0.787369,1.85714,1.16302,301.487,nan,nan,nan,5.93229e+11,19.6921,19.2656,18.6834
1772,1,1,0.921289,2.44828,1.11704,290.526,nan,nan,nan,5.55313e+11,19.869,19.3731,18.6196
1773,1,1,0.65,2.22581,1.14997,264.904,264.904,263.979,274.639,4.2055e+11,20.0893,19.6764,19.1891
1774,1,1,0.890324,3.7619,1.20722,272.199,nan,nan,nan,5.2181e+11,20.0265,19.601,18.9429
1775,1,1,0.91,3.54545,1.20357,276.215,274.989,276.215,300.962,5.39009e+11,20.8209,20.3735,19.6855
1776,1,1,0.97,3.54545,1.10077,269.661,263.932,269.661,299.638,4.77777e+11,21.1698,20.6484,19.8752
1777,1,1,0.494217,1.7027,1.11924,253.946,nan,nan,nan,3.2963e+11,18.6013,18.1895,17.8406
1778,1,1,0.63,3.34783,1.18072,250.356,250.356,247.723,260.453,3.80479e+11,20.2522,19.8701,19.337
1779,1,1,0.494217,2.125,1.20666,253.946,nan,nan,nan,3.55376e+11,18.6013,18.1895,17.8406
1780,1,1,0.71,2.7037,1.17694,265.461,265.461,263.91,280.03,4.481e+11,20.3136,19.911,19.3381
1781,1,1,0.63,1.5,1.21371,298.775,297.468,298.775,316.909,5.57022e+11,19.5034,19.0563,18.485
1782,1,1,0.842398,3.7619,1.10066,255.861,nan,nan,nan,4.13426e+11,19.9214,19.5254,18.8707
1783,1,1,0.887436,2.22581,1.18346,302.78,nan,nan,nan,6.32342e+11,20.5611,20.1465,19.5057
1784,1,1,0.264546,1.43902,1.14155,229.98,nan,nan,nan,1.85528e+11,18.5465,18.2344,18.3241
1785,1,1,0.71,2.33333,1.11232,265.461,265.461,263.91,280.03,4.23497e+11,20.3136,19.911,19.3381
1786,1,1,0.944711,1.85714,1.17958,336.851,nan,nan,nan,7.9358e+11,20.5495,20.1379,19.4386
1787,1,1,0.220159,1.5,1.14757,223.91,nan,nan,nan,1.54257e+11,17.2017,16.8968,17.0532
1788,1,1,0.264546,1.94118,1.20477,229.98,nan,nan,nan,1.95803e+11,18.5465,18.2344,18.3241
1789,1,1,0.842398,3.7619,1.10066,255.861,nan,nan,nan,4.13426e+11,19.9214,19.5254,18.8707
1790,1,1,0.220159,2.0303,1.19636,223.91,nan,nan,nan,1.60814e+11,17.2017,16.8968,17.0532
1791,1,1,0.494217,1.77778,1.13787,253.946,nan,nan,nan,3.35118e+11,18.6013,18.1895,17.8406
1792,1,1,0.63,3.7619,1.21003,250.356,250.356,247.723,260.453,3.89926e+11,20.2522,19.8701,19.337
1793,1,1,0.71,2.84615,1.19731,265.461,265.461,263.91,280.03,4.55854e+11,20.3136,19.911,19.3381
1794,1,1,0.220159,1.43902,1.1396,223.91,nan,nan,nan,1.53185e+11,17.2017,16.8968,17.0532
1795,1,1,0.63,2.57143,1.10062,250.356,250.356,247.723,260.453,3.54668e+11,20.2522,19.8701,19.337
1796,1,1,0.808909,2.33333,1.16927,285.315,nan,nan,nan,5.39039e+11,19.8811,19.4247,18.7504
1797,1,1,0.63,3.16667,1.16552,250.356,250.356,247.723,260.453,3.75582e+11,20.2522,19.8701,19.337
1798,1,1,0.494217,1.77778,1.13787,253.946,nan,nan,nan,3.35118e+11,18.6013,18.1895,17.8406
1799,1,1,0.71,2.84615,1.19731,265.461,265.461,263.91,280.03,4.55854e+11,20.3136,19.911,19.3381
1800,1,1,0.492792,1.27273,1.13336,274.333,nan,nan,nan,3.88934e+11,18.6875,18.2679,18.0159
1801,1,1,0.787369,1.77778,1.12566,301.487,nan,nan,nan,5.74176e+11,19.6921,19.2656,18.6834
1802,1,1,0.921289,2.84615,1.20922,290.526,nan,nan,nan,6.01135e+11,19.869,19.3731,18.6196
1803,1,1,0.220159,2.44828,1.21972,223.91,nan,nan,nan,1.63955e+11,17.2017,16.8968,17.0532
1804,1,1,0.787369,1.85714,1.16302,301.487,nan,nan,nan,5.93229e+11,19.6921,19.2656,18.6834
1805,1,1,0.921289,2.57143,1.14863,290.526,nan,nan,nan,5.71015e+11,19.869,19.3731,18.6196
1806,1,1,0.63,3.7619,1.21003,250.356,250.356,247.723,260.453,3.89926e+11,20.2522,19.8701,19.337
1807,1,1,0.82,3.16667,1.19113,271.295,271.295,264.366,279.979,4.98707e+11,20.6019,20.2862,19.7216
1808,1,1,0.264546,1.63158,1.1705,229.98,nan,nan,nan,1.90233e+11,18.5465,18.2344,18.3241
1809,1,1,0.494217,1.7027,1.11924,253.946,nan,nan,nan,3.2963e+11,18.6013,18.1895,17.8406
1810,1,1,0.63,1.38095,1.13966,298.775,297.468,298.775,316.909,5.23036e+11,19.5034,19.0563,18.485
1811,1,1,0.63,1.5,1.21371,298.775,297.468,298.775,316.909,5.57022e+11,19.5034,19.0563,18.485
1812,1,1,0.787369,1.85714,1.16302,301.487,nan,nan,nan,5.93229e+11,19.6921,19.2656,18.6834
1813,1,1,0.307707,1.5641,1.18503,237.994,nan,nan,nan,2.29351e+11,17.7264,17.3337,17.3497
1814,1,1,0.65,1.7027,1.12179,279.414,279.414,277.385,290.285,4.56417e+11,19.8577,19.4613,18.9485
1815,1,1,0.91,3,1.12929,276.215,274.989,276.215,300.962,5.05743e+11,20.8209,20.3735,19.6855
1816,1,1,0.9,3.16667,1.1286,272.057,268.894,272.057,300.441,4.88817e+11,20.8887,20.4099,19.6635
1817,1,1,0.64,2.125,1.1117,261.65,261.32,261.65,273.142,3.93991e+11,20.1076,19.674,19.1719
1818,1,1,0.890324,3.34783,1.16162,272.199,nan,nan,nan,5.021e+11,20.0265,19.601,18.9429
1819,1,1,0.82,3,1.16852,271.295,271.295,264.366,279.979,4.8924e+11,20.6019,20.2862,19.7216
1820,1,1,0.264546,1.77778,1.1882,229.98,nan,nan,nan,1.9311e+11,18.5465,18.2344,18.3241
1821,1,1,0.71,2.33333,1.11374,265.631,264.28,265.631,283.504,4.24579e+11,20.333,19.8828,19.2846
1822,1,1,0.944711,1.77778,1.12597,336.851,nan,nan,nan,7.57516e+11,20.5495,20.1379,19.4386
1823,1,1,0.65,2.0303,1.1057,264.904,264.904,263.979,274.639,4.04361e+11,20.0893,19.6764,19.1891
1824,1,1,0.264546,1.38095,1.1312,229.98,nan,nan,nan,1.83845e+11,18.5465,18.2344,18.3241
1825,1,1,0.628613,4,1.15043,242.591,nan,nan,nan,3.47744e+11,19.0118,18.6283,18.1443
1826,1,1,0.921289,2.57143,1.14863,290.526,nan,nan,nan,5.71015e+11,19.869,19.3731,18.6196
1827,1,1,0.725437,1.7027,1.17722,300.684,nan,nan,nan,5.79817e+11,19.6692,19.2502,18.6844
1828,1,1,0.63,3,1.14994,250.356,250.356,247.723,260.453,3.70559e+11,20.2522,19.8701,19.337
1829,1,1,0.642273,2.33333,1.13673,260.062,nan,nan,nan,3.98597e+11,19.0334,18.5873,18.0938
1830,1,1,0.220159,2.44828,1.21972,223.91,nan,nan,nan,1.63955e+11,17.2017,16.8968,17.0532
1831,1,1,0.307707,1.63158,1.1965,237.994,nan,nan,nan,2.31571e+11,17.7264,17.3337,17.3497
1832,1,1,0.91,3.54545,1.20357,276.215,274.989,276.215,300.962,5.39009e+11,20.8209,20.3735,19.6855
1833,1,1,0.9,3.16667,1.1286,272.057,268.894,272.057,300.441,4.88817e+11,20.8887,20.4099,19.6635
1834,1,1,0.71,2.33333,1.11232,265.461,265.461,263.91,280.03,4.23497e+11,20.3136,19.911,19.3381
1835,1,1,0.220159,2.44828,1.21972,223.91,nan,nan,nan,1.63955e+11,17.2017,16.8968,17.0532
1836,1,1,0.307707,1.5641,1.18503,237.994,nan,nan,nan,2.29351e+11,17.7264,17.3337,17.3497
1837,1,1,0.65,1.77778,1.15022,279.414,279.414,277.385,290.285,4.67983e+11,19.8577,19.4613,18.9485
1838,1,1,0.63,2.84615,1.13394,250.356,250.356,247.723,260.453,3.65404e+11,20.2522,19.8701,19.337
1839,1,1,0.307707,1.5,1.17315,237.994,nan,nan,nan,2.27053e+11,17.7264,17.3337,17.3497
1840,1,1,0.887436,2.22581,1.18346,302.78,nan,nan,nan,6.32342e+11,20.5611,20.1465,19.5057
1841,1,1,0.220159,1.38095,1.13134,223.91,nan,nan,nan,1.52075e+11,17.2017,16.8968,17.0532
1842,1,1,0.94,1.85714,1.15257,331.878,331.878,330.056,350.781,7.51706e+11,20.0909,19.6867,19.1069
1843,1,1,0.9,3,1.10418,272.057,268.894,272.057,300.441,4.78241e+11,20.8887,20.4099,19.6635
1844,1,1,0.890324,3.7619,1.20722,272.199,nan,nan,nan,5.2181e+11,20.0265,19.601,18.9429
1845,1,1,0.220159,2.0303,1.19636,223.91,nan,nan,nan,1.60814e+11,17.2017,16.8968,17.0532
1846,1,1,0.921289,2.57143,1.14863,290.526,nan,nan,nan,5.71015e+11,19.869,19.3731,18.6196
1847,1,1,0.9,3,1.10418,272.057,268.894,272.057,300.441,4.78241e+11,20.8887,20.4099,19.6635
1848,1,1,0.220159,1.5,1.14757,223.91,nan,nan,nan,1.54257e+11,17.2017,16.8968,17.0532
1849,1,1,0.65,2.57143,1.21161,264.904,264.904,263.979,274.639,4.43092e+11,20.0893,19.6764,19.1891
1850,1,1,0.264546,1.63158,1.1705,229.98,nan,nan,nan,1.90233e+11,18.5465,18.2344,18.3241
1851,1,1,0.97,4,1.1474,269.661,263.932,269.661,299.638,4.98015e+11,21.1698,20.6484,19.8752
1852,1,1,0.71,2.7037,1.17694,265.461,265.461,263.91,280.03,4.481e+11,20.3136,19.911,19.3381
1853,1,1,0.492792,1.38095,1.18792,274.333,nan,nan,nan,4.07658e+11,18.6875,18.2679,18.0159
1854,1,1,0.492792,1.32558,1.16115,274.333,nan,nan,nan,3.9847e+11,18.6875,18.2679,18.0159
1855,1,1,0.842398,4,1.11931,255.861,nan,nan,nan,4.20433e+11,19.9214,19.5254,18.8707
1856,1,1,1.03,4,1.16048,276.379,276.379,271.484,285.06,5.3652e+11,21.1302,20.7797,20.2524
1857,1,1,0.220159,2.33333,1.21414,223.91,nan,nan,nan,1.63205e+11,17.2017,16.8968,17.0532
1858,1,1,0.64,2.125,1.1117,261.65,261.32,261.65,273.142,3.93991e+11,20.1076,19.674,19.1719
1859,1,1,0.9,3.54545,1.17564,272.057,268.894,272.057,300.441,5.09193e+11,20.8887,20.4099,19.6635
1860,1,1,0.63,3.54545,1.19555,250.356,250.356,247.723,260.453,3.85258e+11,20.2522,19.8701,19.337
1861,1,1,0.808909,2.44828,1.19765,285.315,nan,nan,nan,5.52123e+11,19.8811,19.4247,18.7504
1862,1,1,0.725437,1.77778,1.21321,300.684,nan,nan,nan,5.97542e+11,19.6692,19.2502,18.6844
1863,1,1,0.63,3.16667,1.16552,250.356,250.356,247.723,260.453,3.75582e+11,20.2522,19.8701,19.337
1864,1,1,0.65,1.7027,1.12179,279.414,279.414,277.385,290.285,4.56417e+11,19.8577,19.4613,18.9485
1865,1,1,0.307707,1.43902,1.16085,237.994,nan,nan,nan,2.24672e+11,17.7264,17.3337,17.3497
1866,1,1,0.921289,2.7037,1.17934,290.526,nan,nan,nan,5.86282e+11,19.869,19.3731,18.6196
1867,1,1,0.82,3.34783,1.21318,271.295,271.295,264.366,279.979,5.07938e+11,20.6019,20.2862,19.7216
1868,1,1,0.944711,1.85714,1.17958,336.851,nan,nan,nan,7.9358e+11,20.5495,20.1379,19.4386
1869,1,1,0.725437,1.7027,1.17722,300.684,nan,nan,nan,5.79817e+11,19.6692,19.2502,18.6844
1870,1,1,0.71,2.7037,1.17694,265.461,265.461,263.91,280.03,4.481e+11,20.3136,19.911,19.3381
1871,1,1,0.494217,1.7027,1.11924,253.946,nan,nan,nan,3.2963e+11,18.6013,18.1895,17.8406
1872,1,1,0.220159,1.7027,1.16988,223.91,nan,nan,nan,1.57256e+11,17.2017,16.8968,17.0532
1873,1,1,0.94,1.94118,1.20276,331.878,331.878,330.056,350.781,7.84439e+11,20.0909,19.6867,19.1069
1874,1,1,0.63,1.43902,1.17735,298.775,297.468,298.775,316.909,5.40335e+11,19.5034,19.0563,18.485
1875,1,1,0.64,2.125,1.1117,261.65,261.32,261.65,273.142,3.93991e+11,20.1076,19.674,19.1719
1876,1,1,0.307707,1.77778,1.2183,237.994,nan,nan,nan,2.3579e+11,17.7264,17.3337,17.3497
1877,1,1,0.71,2.33333,1.11374,265.631,264.28,265.631,283.504,4.24579e+11,20.333,19.8828,19.2846
1878,1,1,0.71,2.44828,1.13593,265.631,264.28,265.631,283.504,4.33037e+11,20.333,19.8828,19.2846
1879,1,1,0.725437,1.7027,1.17722,300.684,nan,nan,nan,5.79817e+11,19.6692,19.2502,18.6844
1880,1,1,0.787369,1.94118,1.19918,301.487,nan,nan,nan,6.11675e+11,19.6921,19.2656,18.6834
1881,1,1,0.71,2.33333,1.11374,265.631,264.28,265.631,283.504,4.24579e+11,20.333,19.8828,19.2846
1882,1,1,0.642273,2.44828,1.15633,260.062,nan,nan,nan,4.0547e+11,19.0334,18.5873,18.0938
1883,1,1,0.494217,1.7027,1.11924,253.946,nan,nan,nan,3.2963e+11,18.6013,18.1895,17.8406
1884,1,1,0.91,3.54545,1.20357,276.215,274.989,276.215,300.962,5.39009e+11,20.8209,20.3735,19.6855
1885,1,1,0.220159,1.32558,1.12276,223.91,nan,nan,nan,1.50922e+11,17.2017,16.8968,17.0532
1886,1,1,0.264546,1.43902,1.14155,229.98,nan,nan,nan,1.85528e+11,18.5465,18.2344,18.3241
1887,1,1,0.82,3.34783,1.21318,271.295,271.295,264.366,279.979,5.07938e+11,20.6019,20.2862,19.7216
1888,1,1,0.307707,1.63158,1.1965,237.994,nan,nan,nan,2.31571e+11,17.7264,17.3337,17.3497
1889,1,1,0.494217,1.85714,1.15591,253.946,nan,nan,nan,3.40428e+11,18.6013,18.1895,17.8406
1890,1,1,0.220159,1.22222,1.10463,223.91,nan,nan,nan,1.48484e+11,17.2017,16.8968,17.0532
1891,1,1,0.642273,2.7037,1.19389,260.062,nan,nan,nan,4.1864e+11,19.0334,18.5873,18.0938
1892,1,1,0.808909,2.33333,1.16927,285.315,nan,nan,nan,5.39039e+11,19.8811,19.4247,18.7504
1893,1,1,0.307707,1.27273,1.12114,237.994,nan,nan,nan,2.16987e+11,17.7264,17.3337,17.3497
1894,1,1,0.307707,1.5641,1.18503,237.994,nan,nan,nan,2.29351e+11,17.7264,17.3337,17.3497
1895,1,1,0.220159,1.85714,1.18355,223.91,nan,nan,nan,1.59093e+11,17.2017,16.8968,17.0532
1896,1,1,0.890324,3,1.11374,272.199,nan,nan,nan,4.81401e+11,20.0265,19.601,18.9429
1897,1,1,0.91,2.84615,1.10324,276.215,274.989,276.215,300.962,4.94076e+11,20.8209,20.3735,19.6855
1898,1,1,0.921289,2.57143,1.14863,290.526,nan,nan,nan,5.71015e+11,19.869,19.3731,18.6196
1899,1,1,0.9,3.54545,1.17564,272.057,268.894,272.057,300.441,5.09193e+11,20.8887,20.4099,19.6635
1900,1,1,0.63,3.16667,1.16552,250.356,250.356,247.723,260.453,3.75582e+11,20.2522,19.8701,19.337
1901,1,1,0.842398,3.7619,1.10066,255.861,nan,nan,nan,4.13426e+11,19.9214,19.5254,18.8707
1902,1,1,0.91,3.16667,1.15467,276.215,274.989,276.215,300.962,5.1711e+11,20.8209,20.3735,19.6855
1903,1,1,1.03,3.54545,1.1093,276.379,276.379,271.484,285.06,5.12859e+11,21.1302,20.7797,20.2524
1904,1,1,0.65,1.94118,1.20435,279.414,279.414,277.385,290.285,4.90008e+11,19.8577,19.4613,18.9485
1905,1,1,0.264546,1.77778,1.1882,229.98,nan,nan,nan,1.9311e+11,18.5465,18.2344,18.3241
1906,1,1,0.71,2.57143,1.15748,265.631,264.28,265.631,283.504,4.41255e+11,20.333,19.8828,19.2846
1907,1,1,0.65,2.44828,1.19165,264.904,264.904,263.979,274.639,4.35795e+11,20.0893,19.6764,19.1891
1908,1,1,0.494217,2.125,1.20666,253.946,nan,nan,nan,3.55376e+11,18.6013,18.1895,17.8406
1909,1,1,0.97,4,1.1474,269.661,263.932,269.661,299.638,4.98015e+11,21.1698,20.6484,19.8752
1910,1,1,0.64,2.57143,1.19207,261.65,261.32,261.65,273.142,4.22474e+11,20.1076,19.674,19.1719
1911,1,1,0.808909,2.7037,1.25204,285.315,nan,nan,nan,5.77197e+11,19.8811,19.4247,18.7504
1912,1,1,0.71,4,1.31085,265.631,264.28,265.631,283.504,4.9972e+11,20.333,19.8828,19.2846
1913,1,1,0.725437,2.0303,1.31439,300.684,nan,nan,nan,6.47377e+11,19.6692,19.2502,18.6844
1914,1,1,0.887436,2.7037,1.3189,302.78,nan,nan,nan,7.04713e+11,20.5611,20.1465,19.5057
1915,1,1,0.264546,3.16667,1.27413,229.98,nan,nan,nan,2.07076e+11,18.5465,18.2344,18.3241
1916,1,1,0.808909,2.84615,1.27813,285.315,nan,nan,nan,5.89222e+11,19.8811,19.4247,18.7504
1917,1,1,0.494217,2.84615,1.29542,253.946,nan,nan,nan,3.81518e+11,18.6013,18.1895,17.8406
1918,1,1,0.71,3.54545,1.2753,265.631,264.28,265.631,283.504,4.86169e+11,20.333,19.8828,19.2846
1919,1,1,0.890324,4,1.22925,272.199,nan,nan,nan,5.3133e+11,20.0265,19.601,18.9429
1920,1,1,0.65,2.44828,1.32577,279.414,279.414,277.385,290.285,5.3941e+11,19.8577,19.4613,18.9485
1921,1,1,0.220159,3.16667,1.24541,223.91,nan,nan,nan,1.67408e+11,17.2017,16.8968,17.0532
1922,1,1,0.887436,2.44828,1.25313,302.78,nan,nan,nan,6.69568e+11,20.5611,20.1465,19.5057
1923,1,1,0.307707,2.22581,1.267,237.994,nan,nan,nan,2.45216e+11,17.7264,17.3337,17.3497
1924,1,1,0.264546,2.7037,1.25535,229.98,nan,nan,nan,2.04023e+11,18.5465,18.2344,18.3241
1925,1,1,0.492792,1.5,1.23863,274.333,nan,nan,nan,4.2506e+11,18.6875,18.2679,18.0159
1926,1,1,0.264546,2.7037,1.25535,229.98,nan,nan,nan,2.04023e+11,18.5465,18.2344,18.3241
1927,1,1,0.642273,3,1.22944,260.062,nan,nan,nan,4.31106e+11,19.0334,18.5873,18.0938
1928,1,1,0.264546,3.7619,1.29155,229.98,nan,nan,nan,2.09907e+11,18.5465,18.2344,18.3241
1929,1,1,0.307707,2.22581,1.267,237.994,nan,nan,nan,2.45216e+11,17.7264,17.3337,17.3497
1930,1,1,0.64,4,1.32881,261.65,261.32,261.65,273.142,4.70935e+11,20.1076,19.674,19.1719
1931,1,1,0.82,3.54545,1.23469,271.295,271.295,264.366,279.979,5.16945e+11,20.6019,20.2862,19.7216
1932,1,1,0.944711,2.125,1.33047,336.851,nan,nan,nan,8.95093e+11,20.5495,20.1379,19.4386
1933,1,1,0.65,2.84615,1.24989,264.904,264.904,263.979,274.639,4.57091e+11,20.0893,19.6764,19.1891
1934,1,1,0.264546,3.16667,1.27413,229.98,nan,nan,nan,2.07076e+11,18.5465,18.2344,18.3241
1935,1,1,0.264546,2.33333,1.23495,229.98,nan,nan,nan,2.00708e+11,18.5465,18.2344,18.3241
1936,1,1,0.921289,3.54545,1.32125,290.526,nan,nan,nan,6.5683e+11,19.869,19.3731,18.6196
1937,1,1,0.307707,1.85714,1.22867,237.994,nan,nan,nan,2.37797e+11,17.7264,17.3337,17.3497
1938,1,1,0.307707,2.33333,1.27587,237.994,nan,nan,nan,2.46932e+11,17.7264,17.3337,17.3497
1939,1,1,0.787369,2.33333,1.33305,301.487,nan,nan,nan,6.79958e+11,19.6921,19.2656,18.6834
1940,1,1,0.494217,2.84615,1.29542,253.946,nan,nan,nan,3.81518e+11,18.6013,18.1895,17.8406
1941,1,1,0.264546,2.44828,1.24194,229.98,nan,nan,nan,2.01844e+11,18.5465,18.2344,18.3241
1942,1,1,0.220159,3.16667,1.24541,223.91,nan,nan,nan,1.67408e+11,17.2017,16.8968,17.0532
1943,1,1,0.64,3,1.24664,261.65,261.32,261.65,273.142,4.41814e+11,20.1076,19.674,19.1719
1944,1,1,0.492792,1.77778,1.33001,274.333,nan,nan,nan,4.56417e+11,18.6875,18.2679,18.0159
1945,1,1,0.264546,2.7037,1.25535,229.98,nan,nan,nan,2.04023e+11,18.5465,18.2344,18.3241
1946,1,1,0.264546,2.7037,1.25535,229.98,nan,nan,nan,2.04023e+11,18.5465,18.2344,18.3241
1947,1,1,0.264546,2.33333,1.23495,229.98,nan,nan,nan,2.00708e+11,18.5465,18.2344,18.3241
1948,1,1,0.71,3.54545,1.27367,265.461,265.461,263.91,280.03,4.84929e+11,20.3136,19.911,19.3381
1949,1,1,0.808909,2.57143,1.22523,285.315,nan,nan,nan,5.64836e+11,19.8811,19.4247,18.7504
1950,1,1,0.494217,3.34783,1.33461,253.946,nan,nan,nan,3.93061e+11,18.6013,18.1895,17.8406
1951,1,1,0.492792,1.5641,1.26267,274.333,nan,nan,nan,4.33308e+11,18.6875,18.2679,18.0159
1952,1,1,0.264546,3.34783,1.28008,229.98,nan,nan,nan,2.08042e+11,18.5465,18.2344,18.3241
1953,1,1,0.887436,2.44828,1.25313,302.78,nan,nan,nan,6.69568e+11,20.5611,20.1465,19.5057
1954,1,1,0.64,4,1.32881,261.65,261.32,261.65,273.142,4.70935e+11,20.1076,19.674,19.1719
1955,1,1,0.887436,2.7037,1.3189,302.78,nan,nan,nan,7.04713e+11,20.5611,20.1465,19.5057
1956,1,1,0.71,3.16667,1.23645,265.461,265.461,263.91,280.03,4.70759e+11,20.3136,19.911,19.3381
1957,1,1,0.725437,1.94118,1.28173,300.684,nan,nan,nan,6.31294e+11,19.6692,19.2502,18.6844
1958,1,1,0.65,2.125,1.25515,279.414,279.414,277.385,290.285,5.10675e+11,19.8577,19.4613,18.9485
1959,1,1,0.492792,1.63158,1.28588,274.333,nan,nan,nan,4.41274e+11,18.6875,18.2679,18.0159
1960,1,1,0.492792,1.5641,1.26267,274.333,nan,nan,nan,4.33308e+11,18.6875,18.2679,18.0159
1961,1,1,0.494217,2.84615,1.29542,253.946,nan,nan,nan,3.81518e+11,18.6013,18.1895,17.8406
1962,1,1,0.220159,3,1.24054,223.91,nan,nan,nan,1.66754e+11,17.2017,16.8968,17.0532
1963,1,1,0.220159,3.16667,1.24541,223.91,nan,nan,nan,1.67408e+11,17.2017,16.8968,17.0532
1964,1,1,0.264546,2.57143,1.24874,229.98,nan,nan,nan,2.02949e+11,18.5465,18.2344,18.3241
1965,1,1,0.64,3.7619,1.31314,261.65,261.32,261.65,273.142,4.65382e+11,20.1076,19.674,19.1719
1966,1,1,0.808909,3.16667,1.32827,285.315,nan,nan,nan,6.12339e+11,19.8811,19.4247,18.7504
1967,1,1,0.944711,1.94118,1.23147,336.851,nan,nan,nan,8.28493e+11,20.5495,20.1379,19.4386
1968,1,1,0.64,3.7619,1.31314,261.65,261.32,261.65,273.142,4.65382e+11,20.1076,19.674,19.1719
1969,1,1,0.494217,2.84615,1.29542,253.946,nan,nan,nan,3.81518e+11,18.6013,18.1895,17.8406
1970,1,1,0.82,3.7619,1.25571,271.295,271.295,264.366,279.979,5.25743e+11,20.6019,20.2862,19.7216
1971,1,1,0.921289,3.54545,1.32125,290.526,nan,nan,nan,6.5683e+11,19.869,19.3731,18.6196
1972,1,1,0.264546,4,1.29709,229.98,nan,nan,nan,2.10807e+11,18.5465,18.2344,18.3241
1973,1,1,0.220159,2.84615,1.23555,223.91,nan,nan,nan,1.66082e+11,17.2017,16.8968,17.0532
1974,1,1,0.220159,3.7619,1.25931,223.91,nan,nan,nan,1.69276e+11,17.2017,16.8968,17.0532
1975,1,1,0.264546,2.7037,1.25535,229.98,nan,nan,nan,2.04023e+11,18.5465,18.2344,18.3241
1976,1,1,0.307707,1.94118,1.23871,237.994,nan,nan,nan,2.3974e+11,17.7264,17.3337,17.3497
1977,1,1,0.71,3.54545,1.2753,265.631,264.28,265.631,283.504,4.86169e+11,20.333,19.8828,19.2846
1978,1,1,0.220159,3.34783,1.25015,223.91,nan,nan,nan,1.68046e+11,17.2017,16.8968,17.0532
1979,1,1,0.642273,3.16667,1.24653,260.062,nan,nan,nan,4.37098e+11,19.0334,18.5873,18.0938
1980,1,1,0.808909,3.16667,1.32827,285.315,nan,nan,nan,6.12339e+11,19.8811,19.4247,18.7504
1981,1,1,0.494217,2.33333,1.23798,253.946,nan,nan,nan,3.646e+11,18.6013,18.1895,17.8406
1982,1,1,0.307707,2.44828,1.28448,237.994,nan,nan,nan,2.486e+11,17.7264,17.3337,17.3497
1983,1,1,0.65,2.84615,1.24989,264.904,264.904,263.979,274.639,4.57091e+11,20.0893,19.6764,19.1891
1984,1,1,0.307707,2.57143,1.29285,237.994,nan,nan,nan,2.50219e+11,17.7264,17.3337,17.3497
1985,1,1,0.494217,2.33333,1.23798,253.946,nan,nan,nan,3.646e+11,18.6013,18.1895,17.8406
1986,1,1,0.921289,3.54545,1.32125,290.526,nan,nan,nan,6.5683e+11,19.869,19.3731,18.6196
1987,1,1,0.725437,1.94118,1.28173,300.684,nan,nan,nan,6.31294e+11,19.6692,19.2502,18.6844
1988,1,1,0.65,2.84615,1.24989,264.904,264.904,263.979,274.639,4.57091e+11,20.0893,19.6764,19.1891
1989,1,1,0.808909,3,1.30352,285.315,nan,nan,nan,6.00931e+11,19.8811,19.4247,18.7504
1990,1,1,0.307707,2.44828,1.28448,237.994,nan,nan,nan,2.486e+11,17.7264,17.3337,17.3497
1991,1,1,0.71,4,1.31085,265.631,264.28,265.631,283.504,4.9972e+11,20.333,19.8828,19.2846
1992,1,1,0.787369,2.22581,1.30109,301.487,nan,nan,nan,6.63658e+11,19.6921,19.2656,18.6834
1993,1,1,0.642273,3,1.22944,260.062,nan,nan,nan,4.31106e+11,19.0334,18.5873,18.0938
1994,1,1,0.220159,3,1.24054,223.91,nan,nan,nan,1.66754e+11,17.2017,16.8968,17.0532
1995,1,1,0.220159,3.34783,1.25015,223.91,nan,nan,nan,1.68046e+11,17.2017,16.8968,17.0532
1996,1,1,0.787369,2.125,1.26816,301.487,nan,nan,nan,6.46862e+11,19.6921,19.2656,18.6834
1997,1,1,0.808909,2.84615,1.27813,285.315,nan,nan,nan,5.89222e+11,19.8811,19.4247,18.7504
1998,1,1,0.494217,2.33333,1.23798,253.946,nan,nan,nan,3.646e+11,18.6013,18.1895,17.8406
1999,1,1,0.71,3.7619,1.29328,265.631,264.28,265.631,283.504,4.93021e+11,20.333,19.8828,19.2846
2000,1,1,0.64,3,1.24664,261.65,261.32,261.65,273.142,4.41814e+11,20.1076,19.674,19.1719
2001,1,1,0.264546,3.54545,1.28588,229.98,nan,nan,nan,2.08986e+11,18.5465,18.2344,18.3241
2002,1,1,0.307707,2.0303,1.24843,237.994,nan,nan,nan,2.41622e+11,17.7264,17.3337,17.3497
2003,1,1,0.220159,3.34783,1.25015,223.91,nan,nan,nan,1.68046e+11,17.2017,16.8968,17.0532
2004,1,1,0.494217,2.57143,1.26751,253.946,nan,nan,nan,3.73296e+11,18.6013,18.1895,17.8406
2005,1,1,0.725437,1.94118,1.28173,300.684,nan,nan,nan,6.31294e+11,19.6692,19.2502,18.6844
2006,1,1,0.264546,3,1.26803,229.98,nan,nan,nan,2.06085e+11,18.5465,18.2344,18.3241
2007,1,1,0.264546,2.125,1.22032,229.98,nan,nan,nan,1.9833e+11,18.5465,18.2344,18.3241
2008,1,1,0.494217,2.7037,1.28166,253.946,nan,nan,nan,3.77464e+11,18.6013,18.1895,17.8406
2009,1,1,0.65,3.7619,1.3373,264.904,264.904,263.979,274.639,4.8906e+11,20.0893,19.6764,19.1891
2010,1,1,0.494217,3.16667,1.32188,253.946,nan,nan,nan,3.89311e+11,18.6013,18.1895,17.8406
2011,1,1,0.63,4,1.22419,250.356,250.356,247.723,260.453,3.94488e+11,20.2522,19.8701,19.337
2012,1,1,0.307707,1.85714,1.22867,237.994,nan,nan,nan,2.37797e+11,17.7264,17.3337,17.3497
2013,1,1,0.307707,1.85714,1.22867,237.994,nan,nan,nan,2.37797e+11,17.7264,17.3337,17.3497
2014,1,1,0.65,2.0303,1.23014,279.414,279.414,277.385,290.285,5.00503e+11,19.8577,19.4613,18.9485
2015,1,1,0.220159,2.57143,1.22514,223.91,nan,nan,nan,1.64684e+11,17.2017,16.8968,17.0532
2016,1,1,0.307707,3.16667,1.32413,237.994,nan,nan,nan,2.56272e+11,17.7264,17.3337,17.3497
2017,1,1,0.307707,3,1.31661,237.994,nan,nan,nan,2.54818e+11,17.7264,17.3337,17.3497
2018,1,1,0.64,4,1.32881,261.65,261.32,261.65,273.142,4.70935e+11,20.1076,19.674,19.1719
2019,1,1,0.808909,2.84615,1.27813,285.315,nan,nan,nan,5.89222e+11,19.8811,19.4247,18.7504
2020,1,1,0.642273,3.16667,1.24653,260.062,nan,nan,nan,4.37098e+11,19.0334,18.5873,18.0938
2021,1,1,0.65,2.22581,1.27939,279.414,279.414,277.385,290.285,5.20541e+11,19.8577,19.4613,18.9485
2022,1,1,0.264546,3,1.26803,229.98,nan,nan,nan,2.06085e+11,18.5465,18.2344,18.3241
2023,1,1,0.71,3.34783,1.25529,265.461,265.461,263.91,280.03,4.77931e+11,20.3136,19.911,19.3381
2024,1,1,0.307707,3,1.31661,237.994,nan,nan,nan,2.54818e+11,17.7264,17.3337,17.3497
2025,1,1,0.63,1.7027,1.31547,298.775,297.468,298.775,316.909,6.03722e+11,19.5034,19.0563,18.485
2026,1,1,0.63,1.63158,1.28271,298.775,297.468,298.775,316.909,5.88687e+11,19.5034,19.0563,18.485
2027,1,1,0.264546,2.84615,1.26178,229.98,nan,nan,nan,2.05068e+11,18.5465,18.2344,18.3241
2028,1,1,0.71,4,1.31085,265.631,264.28,265.631,283.504,4.9972e+11,20.333,19.8828,19.2846
2029,1,1,0.494217,3.16667,1.32188,253.946,nan,nan,nan,3.89311e+11,18.6013,18.1895,17.8406
2030,1,1,0.220159,3,1.24054,223.91,nan,nan,nan,1.66754e+11,17.2017,16.8968,17.0532
2031,1,1,0.307707,1.94118,1.23871,237.994,nan,nan,nan,2.3974e+11,17.7264,17.3337,17.3497
2032,1,1,0.71,3.7619,1.29163,265.461,265.461,263.91,280.03,4.91765e+11,20.3136,19.911,19.3381
2033,1,1,0.642273,3.16667,1.24653,260.062,nan,nan,nan,4.37098e+11,19.0334,18.5873,18.0938
2034,1,1,0.71,3.16667,1.23645,265.461,265.461,263.91,280.03,4.70759e+11,20.3136,19.911,19.3381
2035,1,1,0.64,4,1.32881,261.65,261.32,261.65,273.142,4.70935e+11,20.1076,19.674,19.1719
2036,1,1,0.220159,3.34783,1.25015,223.91,nan,nan,nan,1.68046e+11,17.2017,16.8968,17.0532
2037,1,1,0.220159,3.7619,1.25931,223.91,nan,nan,nan,1.69276e+11,17.2017,16.8968,17.0532
2038,1,1,0.94,2.125,1.29849,331.878,331.878,330.056,350.781,8.46878e+11,20.0909,19.6867,19.1069
2039,1,1,0.887436,2.44828,1.25313,302.78,nan,nan,nan,6.69568e+11,20.5611,20.1465,19.5057
2040,1,1,0.82,3.7619,1.25571,271.295,271.295,264.366,279.979,5.25743e+11,20.6019,20.2862,19.7216
2041,1,1,0.921289,3.34783,1.29428,290.526,nan,nan,nan,6.43424e+11,19.869,19.3731,18.6196
2042,1,1,0.91,3.7619,1.22716,276.215,274.989,276.215,300.962,5.49573e+11,20.8209,20.3735,19.6855
2043,1,1,0.808909,2.57143,1.22523,285.315,nan,nan,nan,5.64836e+11,19.8811,19.4247,18.7504
2044,1,1,0.64,2.84615,1.22894,261.65,261.32,261.65,273.142,4.3554e+11,20.1076,19.674,19.1719
2045,1,1,0.71,3.34783,1.25689,265.631,264.28,265.631,283.504,4.79152e+11,20.333,19.8828,19.2846
2046,1,1,0.71,4,1.30918,265.461,265.461,263.91,280.03,4.98447e+11,20.3136,19.911,19.3381
2047,1,1,0.494217,2.44828,1.25295,253.946,nan,nan,nan,3.69011e+11,18.6013,18.1895,17.8406
2048,1,1,0.944711,1.94118,1.23147,336.851,nan,nan,nan,8.28493e+11,20.5495,20.1379,19.4386
2049,1,1,0.921289,3.34783,1.29428,290.526,nan,nan,nan,6.43424e+11,19.869,19.3731,18.6196
2050,1,1,0.494217,2.33333,1.23798,253.946,nan,nan,nan,3.646e+11,18.6013,18.1895,17.8406
2051,1,1,0.65,2.44828,1.32577,279.414,279.414,277.385,290.285,5.3941e+11,19.8577,19.4613,18.9485
2052,1,1,0.220159,3,1.24054,223.91,nan,nan,nan,1.66754e+11,17.2017,16.8968,17.0532
2053,1,1,0.71,3.54545,1.2753,265.631,264.28,265.631,283.504,4.86169e+11,20.333,19.8828,19.2846
2054,1,1,0.220159,4,1.26373,223.91,nan,nan,nan,1.69871e+11,17.2017,16.8968,17.0532
2055,1,1,0.71,4,1.31085,265.631,264.28,265.631,283.504,4.9972e+11,20.333,19.8828,19.2846
2056,1,1,0.220159,2.57143,1.22514,223.91,nan,nan,nan,1.64684e+11,17.2017,16.8968,17.0532
2057,1,1,0.64,3.34783,1.2807,261.65,261.32,261.65,273.142,4.53886e+11,20.1076,19.674,19.1719
2058,1,1,0.921289,3.34783,1.29428,290.526,nan,nan,nan,6.43424e+11,19.869,19.3731,18.6196
2059,1,1,0.808909,2.84615,1.27813,285.315,nan,nan,nan,5.89222e+11,19.8811,19.4247,18.7504
2060,1,1,0.220159,3.34783,1.25015,223.91,nan,nan,nan,1.68046e+11,17.2017,16.8968,17.0532
2061,1,1,0.921289,3.16667,1.26665,290.526,nan,nan,nan,6.29685e+11,19.869,19.3731,18.6196
2062,1,1,0.921289,3,1.23831,290.526,nan,nan,nan,6.15596e+11,19.869,19.3731,18.6196
2063,1,1,0.642273,3.16667,1.24653,260.062,nan,nan,nan,4.37098e+11,19.0334,18.5873,18.0938
2064,1,1,0.494217,2.44828,1.25295,253.946,nan,nan,nan,3.69011e+11,18.6013,18.1895,17.8406
2065,1,1,0.65,3.34783,1.30363,264.904,264.904,263.979,274.639,4.76744e+11,20.0893,19.6764,19.1891
2066,1,1,0.307707,3.16667,1.32413,237.994,nan,nan,nan,2.56272e+11,17.7264,17.3337,17.3497
2067,1,1,0.264546,2.84615,1.26178,229.98,nan,nan,nan,2.05068e+11,18.5465,18.2344,18.3241
2068,1,1,0.921289,3.16667,1.26665,290.526,nan,nan,nan,6.29685e+11,19.869,19.3731,18.6196
2069,1,1,0.494217,2.44828,1.25295,253.946,nan,nan,nan,3.69011e+11,18.6013,18.1895,17.8406
2070,1,1,0.642273,3.7619,1.29533,260.062,nan,nan,nan,4.5421e+11,19.0334,18.5873,18.0938
2071,1,1,0.307707,2.7037,1.30099,237.994,nan,nan,nan,2.51794e+11,17.7264,17.3337,17.3497
2072,1,1,0.808909,3,1.30352,285.315,nan,nan,nan,6.00931e+11,19.8811,19.4247,18.7504
2073,1,1,0.65,2.22581,1.27939,279.414,279.414,277.385,290.285,5.20541e+11,19.8577,19.4613,18.9485
2074,1,1,0.492792,1.5,1.23863,274.333,nan,nan,nan,4.2506e+11,18.6875,18.2679,18.0159
2075,1,1,0.944711,2.0303,1.28174,336.851,nan,nan,nan,8.62313e+11,20.5495,20.1379,19.4386
2076,1,1,0.64,4,1.32881,261.65,261.32,261.65,273.142,4.70935e+11,20.1076,19.674,19.1719
2077,1,1,0.887436,2.57143,1.28648,302.78,nan,nan,nan,6.87387e+11,20.5611,20.1465,19.5057
2078,1,1,0.494217,2.33333,1.23798,253.946,nan,nan,nan,3.646e+11,18.6013,18.1895,17.8406
2079,1,1,0.307707,2.57143,1.29285,237.994,nan,nan,nan,2.50219e+11,17.7264,17.3337,17.3497
2080,1,1,0.887436,2.44828,1.25313,302.78,nan,nan,nan,6.69568e+11,20.5611,20.1465,19.5057
2081,1,1,0.65,2.22581,1.27939,279.414,279.414,277.385,290.285,5.20541e+11,19.8577,19.4613,18.9485
2082,1,1,0.494217,3.16667,1.32188,253.946,nan,nan,nan,3.89311e+11,18.6013,18.1895,17.8406
2083,1,1,0.307707,3.16667,1.32413,237.994,nan,nan,nan,2.56272e+11,17.7264,17.3337,17.3497
2084,1,1,0.808909,3,1.30352,285.315,nan,nan,nan,6.00931e+11,19.8811,19.4247,18.7504
2085,1,1,0.71,3.7619,1.29328,265.631,264.28,265.631,283.504,4.93021e+11,20.333,19.8828,19.2846
2086,1,1,0.492792,1.63158,1.28588,274.333,nan,nan,nan,4.41274e+11,18.6875,18.2679,18.0159
2087,1,1,0.642273,3.34783,1.26319,260.062,nan,nan,nan,4.42941e+11,19.0334,18.5873,18.0938
2088,1,1,0.890324,4,1.22925,272.199,nan,nan,nan,5.3133e+11,20.0265,19.601,18.9429
2089,1,1,0.65,2.22581,1.27939,279.414,279.414,277.385,290.285,5.20541e+11,19.8577,19.4613,18.9485
2090,1,1,0.264546,2.33333,1.23495,229.98,nan,nan,nan,2.00708e+11,18.5465,18.2344,18.3241
2091,1,1,0.64,3.7619,1.31314,261.65,261.32,261.65,273.142,4.65382e+11,20.1076,19.674,19.1719
2092,1,1,0.348505,1,1.31496,279.489,nan,nan,nan,3.81314e+11,18.3691,17.9972,17.8309
2093,1,1,0.65,3.54545,1.32066,264.904,264.904,263.979,274.639,4.82975e+11,20.0893,19.6764,19.1891
2094,1,1,0.65,2.0303,1.23014,279.414,279.414,277.385,290.285,5.00503e+11,19.8577,19.4613,18.9485
2095,1,1,0.264546,3.54545,1.28588,229.98,nan,nan,nan,2.08986e+11,18.5465,18.2344,18.3241
2096,1,1,0.944711,2.125,1.33047,336.851,nan,nan,nan,8.95093e+11,20.5495,20.1379,19.4386
2097,1,1,0.887436,2.57143,1.28648,302.78,nan,nan,nan,6.87387e+11,20.5611,20.1465,19.5057
2098,1,1,0.94,2.125,1.29849,331.878,331.878,330.056,350.781,8.46878e+11,20.0909,19.6867,19.1069
2099,1,1,0.94,2.125,1.29849,331.878,331.878,330.056,350.781,8.46878e+11,20.0909,19.6867,19.1069
2100,1,1,0.642273,3.34783,1.26319,260.062,nan,nan,nan,4.42941e+11,19.0334,18.5873,18.0938
2101,1,1,0.220159,3,1.24054,223.91,nan,nan,nan,1.66754e+11,17.2017,16.8968,17.0532
2102,1,1,0.64,3.16667,1.26388,261.65,261.32,261.65,273.142,4.47926e+11,20.1076,19.674,19.1719
2103,1,1,0.82,4,1.27625,271.295,271.295,264.366,279.979,5.34343e+11,20.6019,20.2862,19.7216
2104,1,1,0.220159,2.7037,1.23042,223.91,nan,nan,nan,1.65393e+11,17.2017,16.8968,17.0532
2105,1,1,0.264546,2.44828,1.24194,229.98,nan,nan,nan,2.01844e+11,18.5465,18.2344,18.3241
2106,1,1,0.220159,3.16667,1.24541,223.91,nan,nan,nan,1.67408e+11,17.2017,16.8968,17.0532
2107,1,1,0.71,3.7619,1.29328,265.631,264.28,265.631,283.504,4.93021e+11,20.333,19.8828,19.2846
2108,1,1,0.307707,2.44828,1.28448,237.994,nan,nan,nan,2.486e+11,17.7264,17.3337,17.3497
2109,1,1,0.64,3.54545,1.29711,261.65,261.32,261.65,273.142,4.59702e+11,20.1076,19.674,19.1719
2110,1,1,0.494217,2.22581,1.22255,253.946,nan,nan,nan,3.60057e+11,18.6013,18.1895,17.8406
2111,1,1,0.264546,3.7619,1.29155,229.98,nan,nan,nan,2.09907e+11,18.5465,18.2344,18.3241
2112,1,1,0.890324,4,1.22925,272.199,nan,nan,nan,5.3133e+11,20.0265,19.601,18.9429
2113,1,1,0.642273,3.7619,1.29533,260.062,nan,nan,nan,4.5421e+11,19.0334,18.5873,18.0938
2114,1,1,0.307707,1.94118,1.23871,237.994,nan,nan,nan,2.3974e+11,17.7264,17.3337,17.3497
2115,1,1,0.64,3,1.24664,261.65,261.32,261.65,273.142,4.41814e+11,20.1076,19.674,19.1719
2116,1,1,0.65,3.54545,1.32066,264.904,264.904,263.979,274.639,4.82975e+11,20.0893,19.6764,19.1891
2117,1,1,0.492792,1.5641,1.26267,274.333,nan,nan,nan,4.33308e+11,18.6875,18.2679,18.0159
2118,1,1,0.220159,3.54545,1.25478,223.91,nan,nan,nan,1.68668e+11,17.2017,16.8968,17.0532
2119,1,1,0.808909,2.57143,1.22523,285.315,nan,nan,nan,5.64836e+11,19.8811,19.4247,18.7504
2120,1,1,0.63,1.5641,1.24881,298.775,297.468,298.775,316.909,5.73129e+11,19.5034,19.0563,18.485
2121,1,1,0.494217,3.16667,1.32188,253.946,nan,nan,nan,3.89311e+11,18.6013,18.1895,17.8406
2122,1,1,0.94,2.0303,1.25137,331.878,331.878,330.056,350.781,8.16146e+11,20.0909,19.6867,19.1069
2123,1,1,0.494217,3.34783,1.33461,253.946,nan,nan,nan,3.93061e+11,18.6013,18.1895,17.8406
2124,1,1,0.264546,3.54545,1.28588,229.98,nan,nan,nan,2.08986e+11,18.5465,18.2344,18.3241
2125,1,1,0.348505,1,1.31496,279.489,nan,nan,nan,3.81314e+11,18.3691,17.9972,17.8309
2126,1,1,0.82,4,1.27625,271.295,271.295,264.366,279.979,5.34343e+11,20.6019,20.2862,19.7216
2127,1,1,0.65,2.0303,1.23014,279.414,279.414,277.385,290.285,5.00503e+11,19.8577,19.4613,18.9485
2128,1,1,0.642273,3.16667,1.24653,260.062,nan,nan,nan,4.37098e+11,19.0334,18.5873,18.0938
2129,1,1,0.264546,3.54545,1.28588,229.98,nan,nan,nan,2.08986e+11,18.5465,18.2344,18.3241
2130,1,1,0.492792,1.77778,1.33001,274.333,nan,nan,nan,4.56417e+11,18.6875,18.2679,18.0159
2131,1,1,0.887436,2.44828,1.25313,302.78,nan,nan,nan,6.69568e+11,20.5611,20.1465,19.5057
2132,1,1,0.307707,2.44828,1.28448,237.994,nan,nan,nan,2.486e+11,17.7264,17.3337,17.3497
2133,1,1,0.91,4,1.25022,276.215,274.989,276.215,300.962,5.59899e+11,20.8209,20.3735,19.6855
2134,1,1,0.492792,1.63158,1.28588,274.333,nan,nan,nan,4.41274e+11,18.6875,18.2679,18.0159
2135,1,1,0.64,3.7619,1.31314,261.65,261.32,261.65,273.142,4.65382e+11,20.1076,19.674,19.1719
2136,1,1,0.808909,2.84615,1.27813,285.315,nan,nan,nan,5.89222e+11,19.8811,19.4247,18.7504
2137,1,1,0.65,3.34783,1.30363,264.904,264.904,263.979,274.639,4.76744e+11,20.0893,19.6764,19.1891
2138,1,1,0.94,2.125,1.29849,331.878,331.878,330.056,350.781,8.46878e+11,20.0909,19.6867,19.1069
2139,1,1,0.65,2.33333,1.30292,279.414,279.414,277.385,290.285,5.30114e+11,19.8577,19.4613,18.9485
2140,1,1,0.725437,1.85714,1.24803,300.684,nan,nan,nan,6.14692e+11,19.6692,19.2502,18.6844
2141,1,1,0.307707,3.34783,1.33145,237.994,nan,nan,nan,2.57689e+11,17.7264,17.3337,17.3497
2142,1,1,0.307707,2.7037,1.30099,237.994,nan,nan,nan,2.51794e+11,17.7264,17.3337,17.3497
2143,1,1,0.65,3.54545,1.32066,264.904,264.904,263.979,274.639,4.82975e+11,20.0893,19.6764,19.1891
2144,1,1,0.307707,1.94118,1.23871,237.994,nan,nan,nan,2.3974e+11,17.7264,17.3337,17.3497
2145,1,1,0.220159,3.16667,1.24541,223.91,nan,nan,nan,1.67408e+11,17.2017,16.8968,17.0532
2146,1,1,0.220159,3,1.24054,223.91,nan,nan,nan,1.66754e+11,17.2017,16.8968,17.0532
2147,1,1,0.64,2.84615,1.22894,261.65,261.32,261.65,273.142,4.3554e+11,20.1076,19.674,19.1719
2148,1,1,0.642273,4,1.31085,260.062,nan,nan,nan,4.59653e+11,19.0334,18.5873,18.0938
2149,1,1,0.494217,3.16667,1.32188,253.946,nan,nan,nan,3.89311e+11,18.6013,18.1895,17.8406
2150,1,1,0.887436,2.7037,1.3189,302.78,nan,nan,nan,7.04713e+11,20.5611,20.1465,19.5057
2151,1,1,0.64,2.84615,1.22894,261.65,261.32,261.65,273.142,4.3554e+11,20.1076,19.674,19.1719
2152,1,1,0.887436,2.57143,1.28648,302.78,nan,nan,nan,6.87387e+11,20.5611,20.1465,19.5057
2153,1,1,0.65,2.84615,1.24989,264.904,264.904,263.979,274.639,4.57091e+11,20.0893,19.6764,19.1891
2154,1,1,0.264546,3,1.26803,229.98,nan,nan,nan,2.06085e+11,18.5465,18.2344,18.3241
2155,1,1,0.91,4,1.25022,276.215,274.989,276.215,300.962,5.59899e+11,20.8209,20.3735,19.6855
2156,1,1,0.307707,1.85714,1.22867,237.994,nan,nan,nan,2.37797e+11,17.7264,17.3337,17.3497
2157,1,1,0.787369,2.125,1.26816,301.487,nan,nan,nan,6.46862e+11,19.6921,19.2656,18.6834
2158,1,1,0.264546,2.33333,1.23495,229.98,nan,nan,nan,2.00708e+11,18.5465,18.2344,18.3241
2159,1,1,0.94,2.125,1.29849,331.878,331.878,330.056,350.781,8.46878e+11,20.0909,19.6867,19.1069
2160,1,1,0.64,2.84615,1.22894,261.65,261.32,261.65,273.142,4.3554e+11,20.1076,19.674,19.1719
2161,1,1,0.94,2.22581,1.34419,331.878,331.878,330.056,350.781,8.76683e+11,20.0909,19.6867,19.1069
2162,1,1,0.94,2.33333,1.38854,331.878,331.878,330.056,350.781,9.05606e+11,20.0909,19.6867,19.1069
2163,1,1,0.63,1.77778,1.34715,298.775,297.468,298.775,316.909,6.1826e+11,19.5034,19.0563,18.485
2164,1,1,0.65,3,1.411,279.414,279.414,277.385,290.285,5.74088e+11,19.8577,19.4613,18.9485
2165,1,1,0.94,2.44828,1.4316,331.878,331.878,330.056,350.781,9.33692e+11,20.0909,19.6867,19.1069
2166,1,1,0.307707,4,1.3524,237.994,nan,nan,nan,2.61744e+11,17.7264,17.3337,17.3497
2167,1,1,0.787369,2.44828,1.36408,301.487,nan,nan,nan,6.95785e+11,19.6921,19.2656,18.6834
2168,1,1,0.348505,1.22222,1.43913,279.489,nan,nan,nan,4.17321e+11,18.3691,17.9972,17.8309
2169,1,1,0.494217,3.54545,1.34704,253.946,nan,nan,nan,3.9672e+11,18.6013,18.1895,17.8406
2170,1,1,0.348505,1.08333,1.36765,279.489,nan,nan,nan,3.96594e+11,18.3691,17.9972,17.8309
2171,1,1,0.348505,1.17391,1.41623,279.489,nan,nan,nan,4.10682e+11,18.3691,17.9972,17.8309
2172,1,1,0.65,3.34783,1.45035,279.414,279.414,277.385,290.285,5.90096e+11,19.8577,19.4613,18.9485
2173,1,1,0.63,2.0303,1.43621,298.775,297.468,298.775,316.909,6.59136e+11,19.5034,19.0563,18.485
2174,1,1,0.787369,2.84615,1.45206,301.487,nan,nan,nan,7.40662e+11,19.6921,19.2656,18.6834
2175,1,1,0.348505,1.12766,1.39243,279.489,nan,nan,nan,4.03778e+11,18.3691,17.9972,17.8309
2176,1,1,0.492792,1.85714,1.351,274.333,nan,nan,nan,4.6362e+11,18.6875,18.2679,18.0159
2177,1,1,0.725437,2.125,1.34604,300.684,nan,nan,nan,6.62965e+11,19.6692,19.2502,18.6844
2178,1,1,0.921289,3.7619,1.34759,290.526,nan,nan,nan,6.69923e+11,19.869,19.3731,18.6196
2179,1,1,0.492792,2.0303,1.391,274.333,nan,nan,nan,4.77347e+11,18.6875,18.2679,18.0159
2180,1,1,0.348505,1.12766,1.39243,279.489,nan,nan,nan,4.03778e+11,18.3691,17.9972,17.8309
2181,1,1,0.65,3,1.411,279.414,279.414,277.385,290.285,5.74088e+11,19.8577,19.4613,18.9485
2182,1,1,0.787369,2.44828,1.36408,301.487,nan,nan,nan,6.95785e+11,19.6921,19.2656,18.6834
2183,1,1,0.65,3.34783,1.45035,279.414,279.414,277.385,290.285,5.90096e+11,19.8577,19.4613,18.9485
2184,1,1,0.787369,2.84615,1.45206,301.487,nan,nan,nan,7.40662e+11,19.6921,19.2656,18.6834
2185,1,1,0.787369,2.7037,1.42354,301.487,nan,nan,nan,7.26115e+11,19.6921,19.2656,18.6834
2186,1,1,0.63,1.85714,1.3778,298.775,297.468,298.775,316.909,6.32326e+11,19.5034,19.0563,18.485
2187,1,1,0.492792,2.33333,1.44654,274.333,nan,nan,nan,4.96406e+11,18.6875,18.2679,18.0159
2188,1,1,0.492792,2.22581,1.42858,274.333,nan,nan,nan,4.90244e+11,18.6875,18.2679,18.0159
2189,1,1,0.808909,4,1.42142,285.315,nan,nan,nan,6.5528e+11,19.8811,19.4247,18.7504
2190,1,1,0.921289,3.7619,1.34759,290.526,nan,nan,nan,6.69923e+11,19.869,19.3731,18.6196
2191,1,1,0.787369,2.7037,1.42354,301.487,nan,nan,nan,7.26115e+11,19.6921,19.2656,18.6834
2192,1,1,0.492792,2.33333,1.44654,274.333,nan,nan,nan,4.96406e+11,18.6875,18.2679,18.0159
2193,1,1,0.63,2.0303,1.43621,298.775,297.468,298.775,316.909,6.59136e+11,19.5034,19.0563,18.485
2194,1,1,0.921289,4,1.37333,290.526,nan,nan,nan,6.82723e+11,19.869,19.3731,18.6196
2195,1,1,0.63,1.77778,1.34715,298.775,297.468,298.775,316.909,6.1826e+11,19.5034,19.0563,18.485
2196,1,1,0.492792,2.125,1.41008,274.333,nan,nan,nan,4.83894e+11,18.6875,18.2679,18.0159
2197,1,1,0.65,3,1.411,279.414,279.414,277.385,290.285,5.74088e+11,19.8577,19.4613,18.9485
2198,1,1,0.725437,2.44828,1.43544,300.684,nan,nan,nan,7.06999e+11,19.6692,19.2502,18.6844
2199,1,1,0.94,2.22581,1.34419,331.878,331.878,330.056,350.781,8.76683e+11,20.0909,19.6867,19.1069
2200,1,1,0.494217,4,1.37104,253.946,nan,nan,nan,4.03788e+11,18.6013,18.1895,17.8406
2201,1,1,0.492792,2.125,1.41008,274.333,nan,nan,nan,4.83894e+11,18.6875,18.2679,18.0159
2202,1,1,0.787369,2.57143,1.39423,301.487,nan,nan,nan,7.11163e+11,19.6921,19.2656,18.6834
2203,1,1,0.307707,4,1.3524,237.994,nan,nan,nan,2.61744e+11,17.7264,17.3337,17.3497
2204,1,1,0.787369,2.84615,1.45206,301.487,nan,nan,nan,7.40662e+11,19.6921,19.2656,18.6834
2205,1,1,0.808909,3.54545,1.37594,285.315,nan,nan,nan,6.34316e+11,19.8811,19.4247,18.7504
2206,1,1,0.887436,3.16667,1.41109,302.78,nan,nan,nan,7.5397e+11,20.5611,20.1465,19.5057
2207,1,1,0.494217,4,1.37104,253.946,nan,nan,nan,4.03788e+11,18.6013,18.1895,17.8406
2208,1,1,0.887436,2.84615,1.35045,302.78,nan,nan,nan,7.21569e+11,20.5611,20.1465,19.5057
2209,1,1,0.65,3.16667,1.43092,279.414,279.414,277.385,290.285,5.82193e+11,19.8577,19.4613,18.9485
2210,1,1,0.348505,1.17391,1.41623,279.489,nan,nan,nan,4.10682e+11,18.3691,17.9972,17.8309
2211,1,1,0.63,1.94118,1.40747,298.775,297.468,298.775,316.909,6.45944e+11,19.5034,19.0563,18.485
2212,1,1,0.494217,3.54545,1.34704,253.946,nan,nan,nan,3.9672e+11,18.6013,18.1895,17.8406
2213,1,1,0.307707,4,1.3524,237.994,nan,nan,nan,2.61744e+11,17.7264,17.3337,17.3497
2214,1,1,0.94,2.33333,1.38854,331.878,331.878,330.056,350.781,9.05606e+11,20.0909,19.6867,19.1069
2215,1,1,0.808909,3.54545,1.37594,285.315,nan,nan,nan,6.34316e+11,19.8811,19.4247,18.7504
2216,1,1,0.492792,2.33333,1.44654,274.333,nan,nan,nan,4.96406e+11,18.6875,18.2679,18.0159
2217,1,1,0.787369,2.44828,1.36408,301.487,nan,nan,nan,6.95785e+11,19.6921,19.2656,18.6834
2218,1,1,0.808909,3.54545,1.37594,285.315,nan,nan,nan,6.34316e+11,19.8811,19.4247,18.7504
2219,1,1,0.65,3,1.411,279.414,279.414,277.385,290.285,5.74088e+11,19.8577,19.4613,18.9485
2220,1,1,0.63,2.0303,1.43621,298.775,297.468,298.775,316.909,6.59136e+11,19.5034,19.0563,18.485
2221,1,1,0.887436,3.34783,1.44027,302.78,nan,nan,nan,7.69561e+11,20.5611,20.1465,19.5057
2222,1,1,0.808909,3.54545,1.37594,285.315,nan,nan,nan,6.34316e+11,19.8811,19.4247,18.7504
2223,1,1,0.94,2.22581,1.34419,331.878,331.878,330.056,350.781,8.76683e+11,20.0909,19.6867,19.1069
2224,1,1,0.944711,2.22581,1.37772,336.851,nan,nan,nan,9.26885e+11,20.5495,20.1379,19.4386
2225,1,1,0.787369,2.7037,1.42354,301.487,nan,nan,nan,7.26115e+11,19.6921,19.2656,18.6834
2226,1,1,0.808909,3.34783,1.3524,285.315,nan,nan,nan,6.23462e+11,19.8811,19.4247,18.7504
2227,1,1,0.492792,2.125,1.41008,274.333,nan,nan,nan,4.83894e+11,18.6875,18.2679,18.0159
2228,1,1,0.808909,3.34783,1.3524,285.315,nan,nan,nan,6.23462e+11,19.8811,19.4247,18.7504
2229,1,1,0.307707,4,1.3524,237.994,nan,nan,nan,2.61744e+11,17.7264,17.3337,17.3497
2230,1,1,0.65,3.16667,1.43092,279.414,279.414,277.385,290.285,5.82193e+11,19.8577,19.4613,18.9485
2231,1,1,0.725437,2.125,1.34604,300.684,nan,nan,nan,6.62965e+11,19.6692,19.2502,18.6844
2232,1,1,0.492792,1.94118,1.37132,274.333,nan,nan,nan,4.70593e+11,18.6875,18.2679,18.0159
2233,1,1,0.787369,2.84615,1.45206,301.487,nan,nan,nan,7.40662e+11,19.6921,19.2656,18.6834
2234,1,1,0.348505,1.22222,1.43913,279.489,nan,nan,nan,4.17321e+11,18.3691,17.9972,17.8309
2235,1,1,0.492792,1.94118,1.37132,274.333,nan,nan,nan,4.70593e+11,18.6875,18.2679,18.0159
2236,1,1,0.494217,3.54545,1.34704,253.946,nan,nan,nan,3.9672e+11,18.6013,18.1895,17.8406
2237,1,1,0.944711,2.33333,1.42358,336.851,nan,nan,nan,9.57736e+11,20.5495,20.1379,19.4386
2238,1,1,0.65,2.7037,1.36956,279.414,279.414,277.385,290.285,5.57225e+11,19.8577,19.4613,18.9485
2239,1,1,0.887436,3.34783,1.44027,302.78,nan,nan,nan,7.69561e+11,20.5611,20.1465,19.5057
2240,1,1,0.944711,2.22581,1.37772,336.851,nan,nan,nan,9.26885e+11,20.5495,20.1379,19.4386
2241,1,1,0.725437,2.22581,1.37673,300.684,nan,nan,nan,6.78083e+11,19.6692,19.2502,18.6844
2242,1,1,0.65,3.34783,1.45035,279.414,279.414,277.385,290.285,5.90096e+11,19.8577,19.4613,18.9485
2243,1,1,0.787369,2.7037,1.42354,301.487,nan,nan,nan,7.26115e+11,19.6921,19.2656,18.6834
2244,1,1,0.725437,2.44828,1.43544,300.684,nan,nan,nan,7.06999e+11,19.6692,19.2502,18.6844
2245,1,1,0.494217,3.54545,1.34704,253.946,nan,nan,nan,3.9672e+11,18.6013,18.1895,17.8406
2246,1,1,0.787369,2.84615,1.45206,301.487,nan,nan,nan,7.40662e+11,19.6921,19.2656,18.6834
2247,1,1,0.725437,2.125,1.34604,300.684,nan,nan,nan,6.62965e+11,19.6692,19.2502,18.6844
2248,1,1,0.492792,2.125,1.41008,274.333,nan,nan,nan,4.83894e+11,18.6875,18.2679,18.0159
2249,1,1,0.348505,1.04082,1.34185,279.489,nan,nan,nan,3.89112e+11,18.3691,17.9972,17.8309
2250,1,1,0.492792,1.85714,1.351,274.333,nan,nan,nan,4.6362e+11,18.6875,18.2679,18.0159
2251,1,1,0.348505,1.22222,1.43913,279.489,nan,nan,nan,4.17321e+11,18.3691,17.9972,17.8309
2252,1,1,0.65,2.7037,1.36956,279.414,279.414,277.385,290.285,5.57225e+11,19.8577,19.4613,18.9485
2253,1,1,0.492792,1.85714,1.351,274.333,nan,nan,nan,4.6362e+11,18.6875,18.2679,18.0159
2254,1,1,0.94,2.22581,1.34419,331.878,331.878,330.056,350.781,8.76683e+11,20.0909,19.6867,19.1069
2255,1,1,0.307707,4,1.3524,237.994,nan,nan,nan,2.61744e+11,17.7264,17.3337,17.3497
2256,1,1,0.887436,3,1.38116,302.78,nan,nan,nan,7.3798e+11,20.5611,20.1465,19.5057
2257,1,1,0.492792,1.85714,1.351,274.333,nan,nan,nan,4.6362e+11,18.6875,18.2679,18.0159
2258,1,1,0.725437,2.33333,1.40652,300.684,nan,nan,nan,6.92754e+11,19.6692,19.2502,18.6844
2259,1,1,0.808909,3.34783,1.3524,285.315,nan,nan,nan,6.23462e+11,19.8811,19.4247,18.7504
2260,1,1,0.725437,2.22581,1.37673,300.684,nan,nan,nan,6.78083e+11,19.6692,19.2502,18.6844
2261,1,1,0.492792,2.22581,1.42858,274.333,nan,nan,nan,4.90244e+11,18.6875,18.2679,18.0159
2262,1,1,0.787369,2.57143,1.39423,301.487,nan,nan,nan,7.11163e+11,19.6921,19.2656,18.6834
2263,1,1,0.65,2.84615,1.39056,279.414,279.414,277.385,290.285,5.65769e+11,19.8577,19.4613,18.9485
2264,1,1,0.725437,2.125,1.34604,300.684,nan,nan,nan,6.62965e+11,19.6692,19.2502,18.6844
2265,1,1,0.492792,2.125,1.41008,274.333,nan,nan,nan,4.83894e+11,18.6875,18.2679,18.0159
2266,1,1,0.887436,3.34783,1.44027,302.78,nan,nan,nan,7.69561e+11,20.5611,20.1465,19.5057
2267,1,1,0.65,2.84615,1.39056,279.414,279.414,277.385,290.285,5.65769e+11,19.8577,19.4613,18.9485
2268,1,1,0.725437,2.125,1.34604,300.684,nan,nan,nan,6.62965e+11,19.6692,19.2502,18.6844
2269,1,1,0.492792,2.33333,1.44654,274.333,nan,nan,nan,4.96406e+11,18.6875,18.2679,18.0159
2270,1,1,0.808909,3.34783,1.3524,285.315,nan,nan,nan,6.23462e+11,19.8811,19.4247,18.7504
2271,1,1,0.65,2.7037,1.36956,279.414,279.414,277.385,290.285,5.57225e+11,19.8577,19.4613,18.9485
2272,1,1,0.65,4,1.35357,264.904,264.904,263.979,274.639,4.95008e+11,20.0893,19.6764,19.1891
2273,1,1,0.808909,4,1.42142,285.315,nan,nan,nan,6.5528e+11,19.8811,19.4247,18.7504
2274,1,1,0.921289,3.7619,1.34759,290.526,nan,nan,nan,6.69923e+11,19.869,19.3731,18.6196
2275,1,1,0.348505,1.04082,1.34185,279.489,nan,nan,nan,3.89112e+11,18.3691,17.9972,17.8309
2276,1,1,0.725437,2.44828,1.43544,300.684,nan,nan,nan,7.06999e+11,19.6692,19.2502,18.6844
2277,1,1,0.492792,2.33333,1.44654,274.333,nan,nan,nan,4.96406e+11,18.6875,18.2679,18.0159
2278,1,1,0.494217,3.54545,1.34704,253.946,nan,nan,nan,3.9672e+11,18.6013,18.1895,17.8406
2279,1,1,0.944711,2.22581,1.37772,336.851,nan,nan,nan,9.26885e+11,20.5495,20.1379,19.4386
2280,1,1,0.887436,3.16667,1.41109,302.78,nan,nan,nan,7.5397e+11,20.5611,20.1465,19.5057
2281,1,1,0.65,3,1.411,279.414,279.414,277.385,290.285,5.74088e+11,19.8577,19.4613,18.9485
2282,1,1,0.494217,3.54545,1.34704,253.946,nan,nan,nan,3.9672e+11,18.6013,18.1895,17.8406
2283,1,1,0.787369,2.44828,1.36408,301.487,nan,nan,nan,6.95785e+11,19.6921,19.2656,18.6834
2284,1,1,0.887436,3.34783,1.44027,302.78,nan,nan,nan,7.69561e+11,20.5611,20.1465,19.5057
2285,1,1,0.94,2.22581,1.34419,331.878,331.878,330.056,350.781,8.76683e+11,20.0909,19.6867,19.1069
2286,1,1,0.307707,3.7619,1.34557,237.994,nan,nan,nan,2.60423e+11,17.7264,17.3337,17.3497
2287,1,1,0.94,2.33333,1.38854,331.878,331.878,330.056,350.781,9.05606e+11,20.0909,19.6867,19.1069
2288,1,1,0.65,2.7037,1.36956,279.414,279.414,277.385,290.285,5.57225e+11,19.8577,19.4613,18.9485
2289,1,1,0.787369,2.44828,1.36408,301.487,nan,nan,nan,6.95785e+11,19.6921,19.2656,18.6834
2290,1,1,0.725437,2.44828,1.43544,300.684,nan,nan,nan,7.06999e+11,19.6692,19.2502,18.6844
2291,1,1,0.492792,2.0303,1.391,274.333,nan,nan,nan,4.77347e+11,18.6875,18.2679,18.0159
2292,1,1,0.921289,3.7619,1.34759,290.526,nan,nan,nan,6.69923e+11,19.869,19.3731,18.6196
2293,1,1,0.94,2.22581,1.34419,331.878,331.878,330.056,350.781,8.76683e+11,20.0909,19.6867,19.1069
2294,1,1,0.348505,1.17391,1.41623,279.489,nan,nan,nan,4.10682e+11,18.3691,17.9972,17.8309
2295,1,1,0.63,1.85714,1.3778,298.775,297.468,298.775,316.909,6.32326e+11,19.5034,19.0563,18.485
2296,1,1,0.787369,2.84615,1.45206,301.487,nan,nan,nan,7.40662e+11,19.6921,19.2656,18.6834
2297,1,1,0.65,3,1.411,279.414,279.414,277.385,290.285,5.74088e+11,19.8577,19.4613,18.9485
2298,1,1,0.307707,4,1.3524,237.994,nan,nan,nan,2.61744e+11,17.7264,17.3337,17.3497
2299,1,1,0.348505,1.04082,1.34185,279.489,nan,nan,nan,3.89112e+11,18.3691,17.9972,17.8309
2300,1,1,0.921289,4,1.37333,290.526,nan,nan,nan,6.82723e+11,19.869,19.3731,18.6196
2301,1,1,0.65,4,1.35357,264.904,264.904,263.979,274.639,4.95008e+11,20.0893,19.6764,19.1891
2302,1,1,0.787369,2.57143,1.39423,301.487,nan,nan,nan,7.11163e+11,19.6921,19.2656,18.6834
2303,1,1,0.492792,2.125,1.41008,274.333,nan,nan,nan,4.83894e+11,18.6875,18.2679,18.0159
2304,1,1,0.65,3.16667,1.43092,279.414,279.414,277.385,290.285,5.82193e+11,19.8577,19.4613,18.9485
2305,1,1,0.65,2.57143,1.34797,279.414,279.414,277.385,290.285,5.48443e+11,19.8577,19.4613,18.9485
2306,1,1,0.348505,1.22222,1.43913,279.489,nan,nan,nan,4.17321e+11,18.3691,17.9972,17.8309
2307,1,1,0.492792,2.33333,1.44654,274.333,nan,nan,nan,4.96406e+11,18.6875,18.2679,18.0159
2308,1,1,0.492792,1.85714,1.351,274.333,nan,nan,nan,4.6362e+11,18.6875,18.2679,18.0159
2309,1,1,0.492792,1.94118,1.37132,274.333,nan,nan,nan,4.70593e+11,18.6875,18.2679,18.0159
2310,1,1,0.65,4,1.35357,264.904,264.904,263.979,274.639,4.95008e+11,20.0893,19.6764,19.1891
2311,1,1,0.348505,1.17391,1.41623,279.489,nan,nan,nan,4.10682e+11,18.3691,17.9972,17.8309
2312,1,1,0.348505,1.08333,1.36765,279.489,nan,nan,nan,3.96594e+11,18.3691,17.9972,17.8309
2313,1,1,0.787369,2.57143,1.39423,301.487,nan,nan,nan,7.11163e+11,19.6921,19.2656,18.6834
2314,1,1,0.944711,2.22581,1.37772,336.851,nan,nan,nan,9.26885e+11,20.5495,20.1379,19.4386
2315,1,1,0.787369,2.57143,1.39423,301.487,nan,nan,nan,7.11163e+11,19.6921,19.2656,18.6834
2316,1,1,0.492792,2.0303,1.391,274.333,nan,nan,nan,4.77347e+11,18.6875,18.2679,18.0159
2317,1,1,0.808909,3.34783,1.3524,285.315,nan,nan,nan,6.23462e+11,19.8811,19.4247,18.7504
2318,1,1,0.65,4,1.35357,264.904,264.904,263.979,274.639,4.95008e+11,20.0893,19.6764,19.1891
2319,1,1,0.307707,4,1.3524,237.994,nan,nan,nan,2.61744e+11,17.7264,17.3337,17.3497
2320,1,1,0.94,2.22581,1.34419,331.878,331.878,330.056,350.781,8.76683e+11,20.0909,19.6867,19.1069
2321,1,1,0.887436,3,1.38116,302.78,nan,nan,nan,7.3798e+11,20.5611,20.1465,19.5057
2322,1,1,0.348505,1.17391,1.41623,279.489,nan,nan,nan,4.10682e+11,18.3691,17.9972,17.8309
2323,1,1,0.492792,1.85714,1.351,274.333,nan,nan,nan,4.6362e+11,18.6875,18.2679,18.0159
2324,1,1,0.65,4,1.35357,264.904,264.904,263.979,274.639,4.95008e+11,20.0893,19.6764,19.1891
2325,1,1,0.94,2.44828,1.4316,331.878,331.878,330.056,350.781,9.33692e+11,20.0909,19.6867,19.1069
2326,1,1,0.492792,2.22581,1.42858,274.333,nan,nan,nan,4.90244e+11,18.6875,18.2679,18.0159
2327,1,1,0.921289,4,1.37333,290.526,nan,nan,nan,6.82723e+11,19.869,19.3731,18.6196
2328,1,1,0.787369,2.44828,1.36408,301.487,nan,nan,nan,6.95785e+11,19.6921,19.2656,18.6834
2329,1,1,0.725437,2.22581,1.37673,300.684,nan,nan,nan,6.78083e+11,19.6692,19.2502,18.6844
2330,1,1,0.725437,2.33333,1.40652,300.684,nan,nan,nan,6.92754e+11,19.6692,19.2502,18.6844
2331,1,1,0.65,3.16667,1.43092,279.414,279.414,277.385,290.285,5.82193e+11,19.8577,19.4613,18.9485
2332,1,1,0.494217,3.54545,1.34704,253.946,nan,nan,nan,3.9672e+11,18.6013,18.1895,17.8406
2333,1,1,0.787369,2.7037,1.42354,301.487,nan,nan,nan,7.26115e+11,19.6921,19.2656,18.6834
2334,1,1,0.944711,2.22581,1.37772,336.851,nan,nan,nan,9.26885e+11,20.5495,20.1379,19.4386
2335,1,1,0.944711,2.22581,1.37772,336.851,nan,nan,nan,9.26885e+11,20.5495,20.1379,19.4386
2336,1,1,0.65,3.16667,1.43092,279.414,279.414,277.385,290.285,5.82193e+11,19.8577,19.4613,18.9485
2337,1,1,0.492792,1.85714,1.351,274.333,nan,nan,nan,4.6362e+11,18.6875,18.2679,18.0159
2338,1,1,0.307707,3.7619,1.34557,237.994,nan,nan,nan,2.60423e+11,17.7264,17.3337,17.3497
2339,1,1,0.808909,4,1.42142,285.315,nan,nan,nan,6.5528e+11,19.8811,19.4247,18.7504
2340,1,1,0.63,1.94118,1.40747,298.775,297.468,298.775,316.909,6.45944e+11,19.5034,19.0563,18.485
2341,1,1,0.725437,2.125,1.34604,300.684,nan,nan,nan,6.62965e+11,19.6692,19.2502,18.6844
2342,1,1,0.65,3,1.411,279.414,279.414,277.385,290.285,5.74088e+11,19.8577,19.4613,18.9485
2343,1,1,0.65,3.34783,1.45035,279.414,279.414,277.385,290.285,5.90096e+11,19.8577,19.4613,18.9485
2344,1,1,0.787369,2.44828,1.36408,301.487,nan,nan,nan,6.95785e+11,19.6921,19.2656,18.6834
2345,1,1,0.307707,4,1.3524,237.994,nan,nan,nan,2.61744e+11,17.7264,17.3337,17.3497
2346,1,1,0.494217,4,1.37104,253.946,nan,nan,nan,4.03788e+11,18.6013,18.1895,17.8406
2347,1,1,0.887436,3,1.38116,302.78,nan,nan,nan,7.3798e+11,20.5611,20.1465,19.5057
2348,1,1,0.348505,1.08333,1.36765,279.489,nan,nan,nan,3.96594e+11,18.3691,17.9972,17.8309
2349,1,1,0.65,2.57143,1.34797,279.414,279.414,277.385,290.285,5.48443e+11,19.8577,19.4613,18.9485
2350,1,1,0.725437,2.44828,1.43544,300.684,nan,nan,nan,7.06999e+11,19.6692,19.2502,18.6844
2351,1,1,0.808909,4,1.42142,285.315,nan,nan,nan,6.5528e+11,19.8811,19.4247,18.7504
2352,1,1,0.921289,4,1.37333,290.526,nan,nan,nan,6.82723e+11,19.869,19.3731,18.6196
2353,1,1,0.94,2.44828,1.4316,331.878,331.878,330.056,350.781,9.33692e+11,20.0909,19.6867,19.1069
2354,1,1,0.492792,2.33333,1.44654,274.333,nan,nan,nan,4.96406e+11,18.6875,18.2679,18.0159
2355,1,1,0.348505,1.08333,1.36765,279.489,nan,nan,nan,3.96594e+11,18.3691,17.9972,17.8309
2356,1,1,0.725437,2.125,1.34604,300.684,nan,nan,nan,6.62965e+11,19.6692,19.2502,18.6844
2357,1,1,0.494217,4,1.37104,253.946,nan,nan,nan,4.03788e+11,18.6013,18.1895,17.8406
2358,1,1,0.65,2.57143,1.34797,279.414,279.414,277.385,290.285,5.48443e+11,19.8577,19.4613,18.9485
2359,1,1,0.494217,3.54545,1.34704,253.946,nan,nan,nan,3.9672e+11,18.6013,18.1895,17.8406
2360,1,1,0.494217,3.7619,1.35917,253.946,nan,nan,nan,4.00294e+11,18.6013,18.1895,17.8406
2361,1,1,0.307707,4,1.3524,237.994,nan,nan,nan,2.61744e+11,17.7264,17.3337,17.3497
2362,1,1,0.494217,4,1.37104,253.946,nan,nan,nan,4.03788e+11,18.6013,18.1895,17.8406
2363,1,1,0.787369,2.84615,1.45206,301.487,nan,nan,nan,7.40662e+11,19.6921,19.2656,18.6834
2364,1,1,0.787369,2.7037,1.42354,301.487,nan,nan,nan,7.26115e+11,19.6921,19.2656,18.6834
2365,1,1,0.63,1.94118,1.40747,298.775,297.468,298.775,316.909,6.45944e+11,19.5034,19.0563,18.485
2366,1,1,0.808909,3.7619,1.39894,285.315,nan,nan,nan,6.44917e+11,19.8811,19.4247,18.7504
2367,1,1,0.348505,1.17391,1.41623,279.489,nan,nan,nan,4.10682e+11,18.3691,17.9972,17.8309
2368,1,1,0.348505,1.22222,1.43913,279.489,nan,nan,nan,4.17321e+11,18.3691,17.9972,17.8309
2369,1,1,0.94,2.22581,1.34419,331.878,331.878,330.056,350.781,8.76683e+11,20.0909,19.6867,19.1069
2370,1,1,0.725437,2.33333,1.40652,300.684,nan,nan,nan,6.92754e+11,19.6692,19.2502,18.6844
2371,1,1,0.492792,2.33333,1.44654,274.333,nan,nan,nan,4.96406e+11,18.6875,18.2679,18.0159
2372,1,1,0.348505,1.12766,1.39243,279.489,nan,nan,nan,4.03778e+11,18.3691,17.9972,17.8309
2373,1,1,0.808909,4,1.42142,285.315,nan,nan,nan,6.5528e+11,19.8811,19.4247,18.7504
2374,1,1,0.787369,2.57143,1.39423,301.487,nan,nan,nan,7.11163e+11,19.6921,19.2656,18.6834
2375,1,1,0.492792,2.33333,1.44654,274.333,nan,nan,nan,4.96406e+11,18.6875,18.2679,18.0159
2376,1,1,0.63,1.85714,1.3778,298.775,297.468,298.775,316.909,6.32326e+11,19.5034,19.0563,18.485
2377,1,1,0.808909,3.54545,1.37594,285.315,nan,nan,nan,6.34316e+11,19.8811,19.4247,18.7504
2378,1,1,0.787369,2.84615,1.45206,301.487,nan,nan,nan,7.40662e+11,19.6921,19.2656,18.6834
2379,1,1,0.65,4,1.35357,264.904,264.904,263.979,274.639,4.95008e+11,20.0893,19.6764,19.1891
2380,1,1,0.65,2.57143,1.34797,279.414,279.414,277.385,290.285,5.48443e+11,19.8577,19.4613,18.9485
2381,1,1,0.65,4,1.35357,264.904,264.904,263.979,274.639,4.95008e+11,20.0893,19.6764,19.1891
2382,1,1,0.492792,2.125,1.41008,274.333,nan,nan,nan,4.83894e+11,18.6875,18.2679,18.0159
2383,1,1,0.492792,2.22581,1.42858,274.333,nan,nan,nan,4.90244e+11,18.6875,18.2679,18.0159
2384,1,1,0.492792,1.94118,1.37132,274.333,nan,nan,nan,4.70593e+11,18.6875,18.2679,18.0159
2385,1,1,0.725437,2.33333,1.40652,300.684,nan,nan,nan,6.92754e+11,19.6692,19.2502,18.6844
2386,1,1,0.808909,3.7619,1.39894,285.315,nan,nan,nan,6.44917e+11,19.8811,19.4247,18.7504
2387,1,1,0.492792,1.85714,1.351,274.333,nan,nan,nan,4.6362e+11,18.6875,18.2679,18.0159
2388,1,1,0.492792,1.94118,1.37132,274.333,nan,nan,nan,4.70593e+11,18.6875,18.2679,18.0159
2389,1,1,0.808909,3.7619,1.39894,285.315,nan,nan,nan,6.44917e+11,19.8811,19.4247,18.7504
2390,1,1,0.65,3,1.411,279.414,279.414,277.385,290.285,5.74088e+11,19.8577,19.4613,18.9485
2391,1,1,0.94,2.44828,1.4316,331.878,331.878,330.056,350.781,9.33692e+11,20.0909,19.6867,19.1069
2392,1,1,0.492792,2.22581,1.42858,274.333,nan,nan,nan,4.90244e+11,18.6875,18.2679,18.0159
2393,1,1,0.725437,2.33333,1.40652,300.684,nan,nan,nan,6.92754e+11,19.6692,19.2502,18.6844
2394,1,1,0.348505,1.04082,1.34185,279.489,nan,nan,nan,3.89112e+11,18.3691,17.9972,17.8309
2395,1,1,0.63,1.94118,1.40747,298.775,297.468,298.775,316.909,6.45944e+11,19.5034,19.0563,18.485
2396,1,1,0.725437,2.44828,1.43544,300.684,nan,nan,nan,7.06999e+11,19.6692,19.2502,18.6844
2397,1,1,0.808909,3.34783,1.3524,285.315,nan,nan,nan,6.23462e+11,19.8811,19.4247,18.7504
2398,1,1,0.787369,2.57143,1.39423,301.487,nan,nan,nan,7.11163e+11,19.6921,19.2656,18.6834
2399,1,1,0.787369,2.84615,1.45206,301.487,nan,nan,nan,7.40662e+11,19.6921,19.2656,18.6834
2400,1,1,0.921289,4,1.37333,290.526,nan,nan,nan,6.82723e+11,19.869,19.3731,18.6196
2401,1,1,0.921289,4,1.37333,290.526,nan,nan,nan,6.82723e+11,19.869,19.3731,18.6196
2402,1,1,0.921289,4,1.37333,290.526,nan,nan,nan,6.82723e+11,19.869,19.3731,18.6196
2403,1,1,0.94,2.33333,1.38854,331.878,331.878,330.056,350.781,9.05606e+11,20.0909,19.6867,19.1069
2404,1,1,0.494217,4,1.37104,253.946,nan,nan,nan,4.03788e+11,18.6013,18.1895,17.8406
2405,1,1,0.94,2.22581,1.34419,331.878,331.878,330.056,350.781,8.76683e+11,20.0909,19.6867,19.1069
2406,1,1,0.494217,4,1.37104,253.946,nan,nan,nan,4.03788e+11,18.6013,18.1895,17.8406
2407,1,1,0.63,1.94118,1.40747,298.775,297.468,298.775,316.909,6.45944e+11,19.5034,19.0563,18.485
2408,1,1,0.492792,2.0303,1.391,274.333,nan,nan,nan,4.77347e+11,18.6875,18.2679,18.0159
2409,1,1,0.63,2.0303,1.43621,298.775,297.468,298.775,316.909,6.59136e+11,19.5034,19.0563,18.485
2410,1,1,0.348505,1.04082,1.34185,279.489,nan,nan,nan,3.89112e+11,18.3691,17.9972,17.8309
2411,1,1,0.63,2.57143,1.56751,298.775,297.468,298.775,316.909,7.19393e+11,19.5034,19.0563,18.485
2412,1,1,0.63,2.125,1.46407,298.775,297.468,298.775,316.909,6.71922e+11,19.5034,19.0563,18.485
2413,1,1,0.94,2.7037,1.51413,331.878,331.878,330.056,350.781,9.87513e+11,20.0909,19.6867,19.1069
2414,1,1,0.348505,1.27273,1.46116,279.489,nan,nan,nan,4.23709e+11,18.3691,17.9972,17.8309
2415,1,1,0.348505,1.5,1.54152,279.489,nan,nan,nan,4.47011e+11,18.3691,17.9972,17.8309
2416,1,1,0.887436,3.54545,1.46874,302.78,nan,nan,nan,7.84775e+11,20.5611,20.1465,19.5057
2417,1,1,0.787369,3.54545,1.559,301.487,nan,nan,nan,7.95209e+11,19.6921,19.2656,18.6834
2418,1,1,0.725437,2.84615,1.51745,300.684,nan,nan,nan,7.47393e+11,19.6692,19.2502,18.6844
2419,1,1,0.725437,3,1.54334,300.684,nan,nan,nan,7.6014e+11,19.6692,19.2502,18.6844
2420,1,1,0.492792,2.57143,1.48091,274.333,nan,nan,nan,5.08202e+11,18.6875,18.2679,18.0159
2421,1,1,0.65,4,1.50591,279.414,279.414,277.385,290.285,6.12702e+11,19.8577,19.4613,18.9485
2422,1,1,0.492792,2.44828,1.46397,274.333,nan,nan,nan,5.02389e+11,18.6875,18.2679,18.0159
2423,1,1,0.725437,2.57143,1.46354,300.684,nan,nan,nan,7.20841e+11,19.6692,19.2502,18.6844
2424,1,1,0.887436,3.54545,1.46874,302.78,nan,nan,nan,7.84775e+11,20.5611,20.1465,19.5057
2425,1,1,0.887436,4,1.52374,302.78,nan,nan,nan,8.1416e+11,20.5611,20.1465,19.5057
2426,1,1,0.887436,3.7619,1.49655,302.78,nan,nan,nan,7.99634e+11,20.5611,20.1465,19.5057
2427,1,1,0.63,2.22581,1.49109,298.775,297.468,298.775,316.909,6.84322e+11,19.5034,19.0563,18.485
2428,1,1,0.492792,3.54545,1.5735,274.333,nan,nan,nan,5.39974e+11,18.6875,18.2679,18.0159
2429,1,1,0.725437,2.7037,1.49087,300.684,nan,nan,nan,7.34299e+11,19.6692,19.2502,18.6844
2430,1,1,0.492792,3,1.52901,274.333,nan,nan,nan,5.24708e+11,18.6875,18.2679,18.0159
2431,1,1,0.63,2.44828,1.54277,298.775,297.468,298.775,316.909,7.0804e+11,19.5034,19.0563,18.485
2432,1,1,0.348505,1.5,1.54152,279.489,nan,nan,nan,4.47011e+11,18.3691,17.9972,17.8309
2433,1,1,0.492792,2.57143,1.48091,274.333,nan,nan,nan,5.08202e+11,18.6875,18.2679,18.0159
2434,1,1,0.787369,3.54545,1.559,301.487,nan,nan,nan,7.95209e+11,19.6921,19.2656,18.6834
2435,1,1,0.787369,3.16667,1.50688,301.487,nan,nan,nan,7.68624e+11,19.6921,19.2656,18.6834
2436,1,1,0.887436,3.7619,1.49655,302.78,nan,nan,nan,7.99634e+11,20.5611,20.1465,19.5057
2437,1,1,0.787369,3.34783,1.53326,301.487,nan,nan,nan,7.82079e+11,19.6921,19.2656,18.6834
2438,1,1,0.492792,2.44828,1.46397,274.333,nan,nan,nan,5.02389e+11,18.6875,18.2679,18.0159
2439,1,1,0.725437,3.16667,1.56855,300.684,nan,nan,nan,7.72561e+11,19.6692,19.2502,18.6844
2440,1,1,0.492792,3.54545,1.5735,274.333,nan,nan,nan,5.39974e+11,18.6875,18.2679,18.0159
2441,1,1,0.94,2.57143,1.47344,331.878,331.878,330.056,350.781,9.60981e+11,20.0909,19.6867,19.1069
2442,1,1,0.944711,2.44828,1.46811,336.851,nan,nan,nan,9.87693e+11,20.5495,20.1379,19.4386
2443,1,1,0.887436,3.7619,1.49655,302.78,nan,nan,nan,7.99634e+11,20.5611,20.1465,19.5057
2444,1,1,0.492792,2.44828,1.46397,274.333,nan,nan,nan,5.02389e+11,18.6875,18.2679,18.0159
2445,1,1,0.492792,2.44828,1.46397,274.333,nan,nan,nan,5.02389e+11,18.6875,18.2679,18.0159
2446,1,1,0.887436,4,1.52374,302.78,nan,nan,nan,8.1416e+11,20.5611,20.1465,19.5057
2447,1,1,0.944711,2.44828,1.46811,336.851,nan,nan,nan,9.87693e+11,20.5495,20.1379,19.4386
2448,1,1,0.492792,3.54545,1.5735,274.333,nan,nan,nan,5.39974e+11,18.6875,18.2679,18.0159
2449,1,1,0.492792,2.57143,1.48091,274.333,nan,nan,nan,5.08202e+11,18.6875,18.2679,18.0159
2450,1,1,0.94,2.84615,1.5537,331.878,331.878,330.056,350.781,1.01333e+12,20.0909,19.6867,19.1069
2451,1,1,0.492792,2.44828,1.46397,274.333,nan,nan,nan,5.02389e+11,18.6875,18.2679,18.0159
2452,1,1,0.348505,1.63158,1.57758,279.489,nan,nan,nan,4.5747e+11,18.3691,17.9972,17.8309
2453,1,1,0.944711,2.44828,1.46811,336.851,nan,nan,nan,9.87693e+11,20.5495,20.1379,19.4386
2454,1,1,0.887436,4,1.52374,302.78,nan,nan,nan,8.1416e+11,20.5611,20.1465,19.5057
2455,1,1,0.725437,2.84615,1.51745,300.684,nan,nan,nan,7.47393e+11,19.6692,19.2502,18.6844
2456,1,1,0.94,2.84615,1.5537,331.878,331.878,330.056,350.781,1.01333e+12,20.0909,19.6867,19.1069
2457,1,1,0.887436,3.7619,1.49655,302.78,nan,nan,nan,7.99634e+11,20.5611,20.1465,19.5057
2458,1,1,0.348505,1.38095,1.50281,279.489,nan,nan,nan,4.35786e+11,18.3691,17.9972,17.8309
2459,1,1,0.944711,2.7037,1.55344,336.851,nan,nan,nan,1.0451e+12,20.5495,20.1379,19.4386
2460,1,1,0.787369,3.54545,1.559,301.487,nan,nan,nan,7.95209e+11,19.6921,19.2656,18.6834
2461,1,1,0.725437,2.7037,1.49087,300.684,nan,nan,nan,7.34299e+11,19.6692,19.2502,18.6844
2462,1,1,0.65,4,1.50591,279.414,279.414,277.385,290.285,6.12702e+11,19.8577,19.4613,18.9485
2463,1,1,0.94,2.84615,1.5537,331.878,331.878,330.056,350.781,1.01333e+12,20.0909,19.6867,19.1069
2464,1,1,0.725437,2.84615,1.51745,300.684,nan,nan,nan,7.47393e+11,19.6692,19.2502,18.6844
2465,1,1,0.348505,1.5641,1.55986,279.489,nan,nan,nan,4.52332e+11,18.3691,17.9972,17.8309
2466,1,1,0.787369,3,1.47982,301.487,nan,nan,nan,7.54825e+11,19.6921,19.2656,18.6834
2467,1,1,0.944711,2.44828,1.46811,336.851,nan,nan,nan,9.87693e+11,20.5495,20.1379,19.4386
2468,1,1,0.63,2.33333,1.51731,298.775,297.468,298.775,316.909,6.96355e+11,19.5034,19.0563,18.485
2469,1,1,0.65,4,1.50591,279.414,279.414,277.385,290.285,6.12702e+11,19.8577,19.4613,18.9485
2470,1,1,0.492792,3.34783,1.55903,274.333,nan,nan,nan,5.35011e+11,18.6875,18.2679,18.0159
2471,1,1,0.492792,2.84615,1.51341,274.333,nan,nan,nan,5.19354e+11,18.6875,18.2679,18.0159
2472,1,1,0.787369,3.54545,1.559,301.487,nan,nan,nan,7.95209e+11,19.6921,19.2656,18.6834
2473,1,1,0.887436,3.7619,1.49655,302.78,nan,nan,nan,7.99634e+11,20.5611,20.1465,19.5057
2474,1,1,0.787369,3.16667,1.50688,301.487,nan,nan,nan,7.68624e+11,19.6921,19.2656,18.6834
2475,1,1,0.348505,1.63158,1.57758,279.489,nan,nan,nan,4.5747e+11,18.3691,17.9972,17.8309
2476,1,1,0.787369,3.54545,1.559,301.487,nan,nan,nan,7.95209e+11,19.6921,19.2656,18.6834
2477,1,1,0.63,2.57143,1.56751,298.775,297.468,298.775,316.909,7.19393e+11,19.5034,19.0563,18.485
2478,1,1,0.725437,2.84615,1.51745,300.684,nan,nan,nan,7.47393e+11,19.6692,19.2502,18.6844
2479,1,1,0.348505,1.43902,1.52251,279.489,nan,nan,nan,4.415e+11,18.3691,17.9972,17.8309
2480,1,1,0.787369,3.34783,1.53326,301.487,nan,nan,nan,7.82079e+11,19.6921,19.2656,18.6834
2481,1,1,0.787369,3.16667,1.50688,301.487,nan,nan,nan,7.68624e+11,19.6921,19.2656,18.6834
2482,1,1,0.94,2.84615,1.5537,331.878,331.878,330.056,350.781,1.01333e+12,20.0909,19.6867,19.1069
2483,1,1,0.492792,3.34783,1.55903,274.333,nan,nan,nan,5.35011e+11,18.6875,18.2679,18.0159
2484,1,1,0.725437,3,1.54334,300.684,nan,nan,nan,7.6014e+11,19.6692,19.2502,18.6844
2485,1,1,0.63,2.22581,1.49109,298.775,297.468,298.775,316.909,6.84322e+11,19.5034,19.0563,18.485
2486,1,1,0.492792,2.7037,1.49738,274.333,nan,nan,nan,5.13855e+11,18.6875,18.2679,18.0159
2487,1,1,0.887436,3.7619,1.49655,302.78,nan,nan,nan,7.99634e+11,20.5611,20.1465,19.5057
2488,1,1,0.725437,2.57143,1.46354,300.684,nan,nan,nan,7.20841e+11,19.6692,19.2502,18.6844
2489,1,1,0.887436,4,1.52374,302.78,nan,nan,nan,8.1416e+11,20.5611,20.1465,19.5057
2490,1,1,0.94,2.57143,1.47344,331.878,331.878,330.056,350.781,9.60981e+11,20.0909,19.6867,19.1069
2491,1,1,0.725437,2.7037,1.49087,300.684,nan,nan,nan,7.34299e+11,19.6692,19.2502,18.6844
2492,1,1,0.94,2.84615,1.5537,331.878,331.878,330.056,350.781,1.01333e+12,20.0909,19.6867,19.1069
2493,1,1,0.492792,2.44828,1.46397,274.333,nan,nan,nan,5.02389e+11,18.6875,18.2679,18.0159
2494,1,1,0.94,2.57143,1.47344,331.878,331.878,330.056,350.781,9.60981e+11,20.0909,19.6867,19.1069
2495,1,1,0.887436,4,1.52374,302.78,nan,nan,nan,8.1416e+11,20.5611,20.1465,19.5057
2496,1,1,0.944711,2.44828,1.46811,336.851,nan,nan,nan,9.87693e+11,20.5495,20.1379,19.4386
2497,1,1,0.944711,2.7037,1.55344,336.851,nan,nan,nan,1.0451e+12,20.5495,20.1379,19.4386
2498,1,1,0.787369,3,1.47982,301.487,nan,nan,nan,7.54825e+11,19.6921,19.2656,18.6834
2499,1,1,0.492792,3,1.52901,274.333,nan,nan,nan,5.24708e+11,18.6875,18.2679,18.0159
2500,1,1,0.94,2.57143,1.47344,331.878,331.878,330.056,350.781,9.60981e+11,20.0909,19.6867,19.1069
2501,1,1,0.725437,3,1.54334,300.684,nan,nan,nan,7.6014e+11,19.6692,19.2502,18.6844
2502,1,1,0.725437,2.7037,1.49087,300.684,nan,nan,nan,7.34299e+11,19.6692,19.2502,18.6844
2503,1,1,0.348505,1.38095,1.50281,279.489,nan,nan,nan,4.35786e+11,18.3691,17.9972,17.8309
2504,1,1,0.787369,3.54545,1.559,301.487,nan,nan,nan,7.95209e+11,19.6921,19.2656,18.6834
2505,1,1,0.492792,2.7037,1.49738,274.333,nan,nan,nan,5.13855e+11,18.6875,18.2679,18.0159
2506,1,1,0.787369,3.54545,1.559,301.487,nan,nan,nan,7.95209e+11,19.6921,19.2656,18.6834
2507,1,1,0.725437,3,1.54334,300.684,nan,nan,nan,7.6014e+11,19.6692,19.2502,18.6844
2508,1,1,0.348505,1.63158,1.57758,279.489,nan,nan,nan,4.5747e+11,18.3691,17.9972,17.8309
2509,1,1,0.492792,3,1.52901,274.333,nan,nan,nan,5.24708e+11,18.6875,18.2679,18.0159
2510,1,1,0.725437,2.7037,1.49087,300.684,nan,nan,nan,7.34299e+11,19.6692,19.2502,18.6844
2511,1,1,0.348505,1.63158,1.57758,279.489,nan,nan,nan,4.5747e+11,18.3691,17.9972,17.8309
2512,1,1,0.944711,2.57143,1.51137,336.851,nan,nan,nan,1.0168e+12,20.5495,20.1379,19.4386
2513,1,1,0.492792,3.34783,1.55903,274.333,nan,nan,nan,5.35011e+11,18.6875,18.2679,18.0159
2514,1,1,0.65,4,1.50591,279.414,279.414,277.385,290.285,6.12702e+11,19.8577,19.4613,18.9485
2515,1,1,0.94,2.84615,1.5537,331.878,331.878,330.056,350.781,1.01333e+12,20.0909,19.6867,19.1069
2516,1,1,0.63,2.125,1.46407,298.775,297.468,298.775,316.909,6.71922e+11,19.5034,19.0563,18.485
2517,1,1,0.348505,1.38095,1.50281,279.489,nan,nan,nan,4.35786e+11,18.3691,17.9972,17.8309
2518,1,1,0.944711,2.7037,1.55344,336.851,nan,nan,nan,1.0451e+12,20.5495,20.1379,19.4386
2519,1,1,0.348505,1.32558,1.48237,279.489,nan,nan,nan,4.2986e+11,18.3691,17.9972,17.8309
2520,1,1,0.492792,2.7037,1.49738,274.333,nan,nan,nan,5.13855e+11,18.6875,18.2679,18.0159
2521,1,1,0.492792,3,1.52901,274.333,nan,nan,nan,5.24708e+11,18.6875,18.2679,18.0159
2522,1,1,0.63,2.44828,1.54277,298.775,297.468,298.775,316.909,7.0804e+11,19.5034,19.0563,18.485
2523,1,1,0.348505,1.32558,1.48237,279.489,nan,nan,nan,4.2986e+11,18.3691,17.9972,17.8309
2524,1,1,0.348505,1.5641,1.55986,279.489,nan,nan,nan,4.52332e+11,18.3691,17.9972,17.8309
2525,1,1,0.348505,1.38095,1.50281,279.489,nan,nan,nan,4.35786e+11,18.3691,17.9972,17.8309
2526,1,1,0.65,3.54545,1.4693,279.414,279.414,277.385,290.285,5.97808e+11,19.8577,19.4613,18.9485
2527,1,1,0.725437,2.7037,1.49087,300.684,nan,nan,nan,7.34299e+11,19.6692,19.2502,18.6844
2528,1,1,0.492792,3.54545,1.5735,274.333,nan,nan,nan,5.39974e+11,18.6875,18.2679,18.0159
2529,1,1,0.348505,1.32558,1.48237,279.489,nan,nan,nan,4.2986e+11,18.3691,17.9972,17.8309
2530,1,1,0.65,3.54545,1.4693,279.414,279.414,277.385,290.285,5.97808e+11,19.8577,19.4613,18.9485
2531,1,1,0.787369,3.16667,1.50688,301.487,nan,nan,nan,7.68624e+11,19.6921,19.2656,18.6834
2532,1,1,0.492792,3.54545,1.5735,274.333,nan,nan,nan,5.39974e+11,18.6875,18.2679,18.0159
2533,1,1,0.348505,1.38095,1.50281,279.489,nan,nan,nan,4.35786e+11,18.3691,17.9972,17.8309
2534,1,1,0.94,2.84615,1.5537,331.878,331.878,330.056,350.781,1.01333e+12,20.0909,19.6867,19.1069
2535,1,1,0.348505,1.63158,1.57758,279.489,nan,nan,nan,4.5747e+11,18.3691,17.9972,17.8309
2536,1,1,0.887436,3.7619,1.49655,302.78,nan,nan,nan,7.99634e+11,20.5611,20.1465,19.5057
2537,1,1,0.492792,3.54545,1.5735,274.333,nan,nan,nan,5.39974e+11,18.6875,18.2679,18.0159
2538,1,1,0.492792,2.84615,1.51341,274.333,nan,nan,nan,5.19354e+11,18.6875,18.2679,18.0159
2539,1,1,0.787369,3,1.47982,301.487,nan,nan,nan,7.54825e+11,19.6921,19.2656,18.6834
2540,1,1,0.348505,1.43902,1.52251,279.489,nan,nan,nan,4.415e+11,18.3691,17.9972,17.8309
2541,1,1,0.348505,1.38095,1.50281,279.489,nan,nan,nan,4.35786e+11,18.3691,17.9972,17.8309
2542,1,1,0.94,2.84615,1.5537,331.878,331.878,330.056,350.781,1.01333e+12,20.0909,19.6867,19.1069
2543,1,1,0.492792,2.84615,1.51341,274.333,nan,nan,nan,5.19354e+11,18.6875,18.2679,18.0159
2544,1,1,0.887436,3.7619,1.49655,302.78,nan,nan,nan,7.99634e+11,20.5611,20.1465,19.5057
2545,1,1,0.787369,3.16667,1.50688,301.487,nan,nan,nan,7.68624e+11,19.6921,19.2656,18.6834
2546,1,1,0.725437,3,1.54334,300.684,nan,nan,nan,7.6014e+11,19.6692,19.2502,18.6844
2547,1,1,0.492792,2.57143,1.48091,274.333,nan,nan,nan,5.08202e+11,18.6875,18.2679,18.0159
2548,1,1,0.887436,4,1.52374,302.78,nan,nan,nan,8.1416e+11,20.5611,20.1465,19.5057
2549,1,1,0.65,3.54545,1.4693,279.414,279.414,277.385,290.285,5.97808e+11,19.8577,19.4613,18.9485
2550,1,1,0.348505,1.5,1.54152,279.489,nan,nan,nan,4.47011e+11,18.3691,17.9972,17.8309
2551,1,1,0.63,2.57143,1.56751,298.775,297.468,298.775,316.909,7.19393e+11,19.5034,19.0563,18.485
2552,1,1,0.65,4,1.50591,279.414,279.414,277.385,290.285,6.12702e+11,19.8577,19.4613,18.9485
2553,1,1,0.944711,2.7037,1.55344,336.851,nan,nan,nan,1.0451e+12,20.5495,20.1379,19.4386
2554,1,1,0.348505,1.63158,1.57758,279.489,nan,nan,nan,4.5747e+11,18.3691,17.9972,17.8309
2555,1,1,0.725437,2.7037,1.49087,300.684,nan,nan,nan,7.34299e+11,19.6692,19.2502,18.6844
2556,1,1,0.94,2.7037,1.51413,331.878,331.878,330.056,350.781,9.87513e+11,20.0909,19.6867,19.1069
2557,1,1,0.94,2.84615,1.5537,331.878,331.878,330.056,350.781,1.01333e+12,20.0909,19.6867,19.1069
2558,1,1,0.348505,1.5,1.54152,279.489,nan,nan,nan,4.47011e+11,18.3691,17.9972,17.8309
2559,1,1,0.348505,1.5641,1.55986,279.489,nan,nan,nan,4.52332e+11,18.3691,17.9972,17.8309
2560,1,1,0.348505,1.32558,1.48237,279.489,nan,nan,nan,4.2986e+11,18.3691,17.9972,17.8309
2561,1,1,0.63,2.22581,1.49109,298.775,297.468,298.775,316.909,6.84322e+11,19.5034,19.0563,18.485
2562,1,1,0.348505,1.43902,1.52251,279.489,nan,nan,nan,4.415e+11,18.3691,17.9972,17.8309
2563,1,1,0.348505,1.27273,1.46116,279.489,nan,nan,nan,4.23709e+11,18.3691,17.9972,17.8309
2564,1,1,0.348505,1.63158,1.57758,279.489,nan,nan,nan,4.5747e+11,18.3691,17.9972,17.8309
2565,1,1,0.492792,2.84615,1.51341,274.333,nan,nan,nan,5.19354e+11,18.6875,18.2679,18.0159
2566,1,1,0.65,3.54545,1.4693,279.414,279.414,277.385,290.285,5.97808e+11,19.8577,19.4613,18.9485
2567,1,1,0.492792,3,1.52901,274.333,nan,nan,nan,5.24708e+11,18.6875,18.2679,18.0159
2568,1,1,0.725437,3.16667,1.56855,300.684,nan,nan,nan,7.72561e+11,19.6692,19.2502,18.6844
2569,1,1,0.887436,4,1.52374,302.78,nan,nan,nan,8.1416e+11,20.5611,20.1465,19.5057
2570,1,1,0.492792,3,1.52901,274.333,nan,nan,nan,5.24708e+11,18.6875,18.2679,18.0159
2571,1,1,0.725437,2.57143,1.46354,300.684,nan,nan,nan,7.20841e+11,19.6692,19.2502,18.6844
2572,1,1,0.787369,3.34783,1.53326,301.487,nan,nan,nan,7.82079e+11,19.6921,19.2656,18.6834
2573,1,1,0.492792,2.84615,1.51341,274.333,nan,nan,nan,5.19354e+11,18.6875,18.2679,18.0159
2574,1,1,0.725437,2.7037,1.49087,300.684,nan,nan,nan,7.34299e+11,19.6692,19.2502,18.6844
2575,1,1,0.63,2.44828,1.54277,298.775,297.468,298.775,316.909,7.0804e+11,19.5034,19.0563,18.485
2576,1,1,0.887436,3.54545,1.46874,302.78,nan,nan,nan,7.84775e+11,20.5611,20.1465,19.5057
2577,1,1,0.65,3.54545,1.4693,279.414,279.414,277.385,290.285,5.97808e+11,19.8577,19.4613,18.9485
2578,1,1,0.725437,2.57143,1.46354,300.684,nan,nan,nan,7.20841e+11,19.6692,19.2502,18.6844
2579,1,1,0.63,2.125,1.46407,298.775,297.468,298.775,316.909,6.71922e+11,19.5034,19.0563,18.485
2580,1,1,0.725437,3,1.54334,300.684,nan,nan,nan,7.6014e+11,19.6692,19.2502,18.6844
2581,1,1,0.492792,2.44828,1.46397,274.333,nan,nan,nan,5.02389e+11,18.6875,18.2679,18.0159
2582,1,1,0.725437,2.57143,1.46354,300.684,nan,nan,nan,7.20841e+11,19.6692,19.2502,18.6844
2583,1,1,0.944711,2.44828,1.46811,336.851,nan,nan,nan,9.87693e+11,20.5495,20.1379,19.4386
2584,1,1,0.348505,1.5641,1.55986,279.489,nan,nan,nan,4.52332e+11,18.3691,17.9972,17.8309
2585,1,1,0.492792,2.7037,1.49738,274.333,nan,nan,nan,5.13855e+11,18.6875,18.2679,18.0159
2586,1,1,0.492792,3.16667,1.54421,274.333,nan,nan,nan,5.29924e+11,18.6875,18.2679,18.0159
2587,1,1,0.725437,2.84615,1.51745,300.684,nan,nan,nan,7.47393e+11,19.6692,19.2502,18.6844
2588,1,1,0.787369,3.54545,1.559,301.487,nan,nan,nan,7.95209e+11,19.6921,19.2656,18.6834
2589,1,1,0.348505,1.63158,1.57758,279.489,nan,nan,nan,4.5747e+11,18.3691,17.9972,17.8309
2590,1,1,0.492792,2.44828,1.46397,274.333,nan,nan,nan,5.02389e+11,18.6875,18.2679,18.0159
2591,1,1,0.63,2.125,1.46407,298.775,297.468,298.775,316.909,6.71922e+11,19.5034,19.0563,18.485
2592,1,1,0.944711,2.7037,1.55344,336.851,nan,nan,nan,1.0451e+12,20.5495,20.1379,19.4386
2593,1,1,0.94,2.84615,1.5537,331.878,331.878,330.056,350.781,1.01333e+12,20.0909,19.6867,19.1069
2594,1,1,0.65,3.7619,1.48781,279.414,279.414,277.385,290.285,6.05339e+11,19.8577,19.4613,18.9485
2595,1,1,0.348505,1.43902,1.52251,279.489,nan,nan,nan,4.415e+11,18.3691,17.9972,17.8309
2596,1,1,0.63,2.22581,1.49109,298.775,297.468,298.775,316.909,6.84322e+11,19.5034,19.0563,18.485
2597,1,1,0.94,2.84615,1.5537,331.878,331.878,330.056,350.781,1.01333e+12,20.0909,19.6867,19.1069
2598,1,1,0.65,3.7619,1.48781,279.414,279.414,277.385,290.285,6.05339e+11,19.8577,19.4613,18.9485
2599,1,1,0.63,2.125,1.46407,298.775,297.468,298.775,316.909,6.71922e+11,19.5034,19.0563,18.485
2600,1,1,0.492792,3.54545,1.5735,274.333,nan,nan,nan,5.39974e+11,18.6875,18.2679,18.0159
2601,1,1,0.944711,2.57143,1.51137,336.851,nan,nan,nan,1.0168e+12,20.5495,20.1379,19.4386
2602,1,1,0.887436,4,1.52374,302.78,nan,nan,nan,8.1416e+11,20.5611,20.1465,19.5057
2603,1,1,0.725437,2.7037,1.49087,300.684,nan,nan,nan,7.34299e+11,19.6692,19.2502,18.6844
2604,1,1,0.63,2.22581,1.49109,298.775,297.468,298.775,316.909,6.84322e+11,19.5034,19.0563,18.485
2605,1,1,0.492792,2.84615,1.51341,274.333,nan,nan,nan,5.19354e+11,18.6875,18.2679,18.0159
2606,1,1,0.725437,3,1.54334,300.684,nan,nan,nan,7.6014e+11,19.6692,19.2502,18.6844
2607,1,1,0.492792,3.54545,1.5735,274.333,nan,nan,nan,5.39974e+11,18.6875,18.2679,18.0159
2608,1,1,0.887436,3.7619,1.49655,302.78,nan,nan,nan,7.99634e+11,20.5611,20.1465,19.5057
2609,1,1,0.492792,2.7037,1.49738,274.333,nan,nan,nan,5.13855e+11,18.6875,18.2679,18.0159
2610,1,1,0.63,2.44828,1.54277,298.775,297.468,298.775,316.909,7.0804e+11,19.5034,19.0563,18.485
2611,1,1,0.348505,1.38095,1.50281,279.489,nan,nan,nan,4.35786e+11,18.3691,17.9972,17.8309
2612,1,1,0.63,2.44828,1.54277,298.775,297.468,298.775,316.909,7.0804e+11,19.5034,19.0563,18.485
2613,1,1,0.94,2.84615,1.5537,331.878,331.878,330.056,350.781,1.01333e+12,20.0909,19.6867,19.1069
2614,1,1,0.65,3.54545,1.4693,279.414,279.414,277.385,290.285,5.97808e+11,19.8577,19.4613,18.9485
2615,1,1,0.887436,3.54545,1.46874,302.78,nan,nan,nan,7.84775e+11,20.5611,20.1465,19.5057
2616,1,1,0.787369,3.54545,1.559,301.487,nan,nan,nan,7.95209e+11,19.6921,19.2656,18.6834
2617,1,1,0.94,2.84615,1.5537,331.878,331.878,330.056,350.781,1.01333e+12,20.0909,19.6867,19.1069
2618,1,1,0.787369,3.34783,1.53326,301.487,nan,nan,nan,7.82079e+11,19.6921,19.2656,18.6834
2619,1,1,0.492792,2.84615,1.51341,274.333,nan,nan,nan,5.19354e+11,18.6875,18.2679,18.0159
2620,1,1,0.725437,3,1.54334,300.684,nan,nan,nan,7.6014e+11,19.6692,19.2502,18.6844
2621,1,1,0.65,3.7619,1.48781,279.414,279.414,277.385,290.285,6.05339e+11,19.8577,19.4613,18.9485
2622,1,1,0.887436,3.7619,1.49655,302.78,nan,nan,nan,7.99634e+11,20.5611,20.1465,19.5057
2623,1,1,0.348505,1.5641,1.55986,279.489,nan,nan,nan,4.52332e+11,18.3691,17.9972,17.8309
2624,1,1,0.887436,4,1.52374,302.78,nan,nan,nan,8.1416e+11,20.5611,20.1465,19.5057
2625,1,1,0.63,2.44828,1.54277,298.775,297.468,298.775,316.909,7.0804e+11,19.5034,19.0563,18.485
2626,1,1,0.65,3.54545,1.4693,279.414,279.414,277.385,290.285,5.97808e+11,19.8577,19.4613,18.9485
2627,1,1,0.725437,2.7037,1.49087,300.684,nan,nan,nan,7.34299e+11,19.6692,19.2502,18.6844
2628,1,1,0.63,2.33333,1.51731,298.775,297.468,298.775,316.909,6.96355e+11,19.5034,19.0563,18.485
2629,1,1,0.492792,2.84615,1.51341,274.333,nan,nan,nan,5.19354e+11,18.6875,18.2679,18.0159
2630,1,1,0.492792,3.54545,1.5735,274.333,nan,nan,nan,5.39974e+11,18.6875,18.2679,18.0159
2631,1,1,0.65,4,1.50591,279.414,279.414,277.385,290.285,6.12702e+11,19.8577,19.4613,18.9485
2632,1,1,0.492792,2.57143,1.48091,274.333,nan,nan,nan,5.08202e+11,18.6875,18.2679,18.0159
2633,1,1,0.725437,2.57143,1.46354,300.684,nan,nan,nan,7.20841e+11,19.6692,19.2502,18.6844
2634,1,1,0.725437,2.7037,1.49087,300.684,nan,nan,nan,7.34299e+11,19.6692,19.2502,18.6844
2635,1,1,0.492792,3.34783,1.55903,274.333,nan,nan,nan,5.35011e+11,18.6875,18.2679,18.0159
2636,1,1,0.887436,3.7619,1.49655,302.78,nan,nan,nan,7.99634e+11,20.5611,20.1465,19.5057
2637,1,1,0.787369,3,1.47982,301.487,nan,nan,nan,7.54825e+11,19.6921,19.2656,18.6834
2638,1,1,0.944711,2.57143,1.51137,336.851,nan,nan,nan,1.0168e+12,20.5495,20.1379,19.4386
2639,1,1,0.725437,2.84615,1.51745,300.684,nan,nan,nan,7.47393e+11,19.6692,19.2502,18.6844
2640,1,1,0.65,4,1.50591,279.414,279.414,277.385,290.285,6.12702e+11,19.8577,19.4613,18.9485
2641,1,1,0.492792,3.16667,1.54421,274.333,nan,nan,nan,5.29924e+11,18.6875,18.2679,18.0159
2642,1,1,0.63,2.44828,1.54277,298.775,297.468,298.775,316.909,7.0804e+11,19.5034,19.0563,18.485
2643,1,1,0.63,2.22581,1.49109,298.775,297.468,298.775,316.909,6.84322e+11,19.5034,19.0563,18.485
2644,1,1,0.348505,1.5641,1.55986,279.489,nan,nan,nan,4.52332e+11,18.3691,17.9972,17.8309
2645,1,1,0.944711,2.57143,1.51137,336.851,nan,nan,nan,1.0168e+12,20.5495,20.1379,19.4386
2646,1,1,0.65,3.54545,1.4693,279.414,279.414,277.385,290.285,5.97808e+11,19.8577,19.4613,18.9485
2647,1,1,0.63,2.57143,1.56751,298.775,297.468,298.775,316.909,7.19393e+11,19.5034,19.0563,18.485
2648,1,1,0.787369,3.16667,1.50688,301.487,nan,nan,nan,7.68624e+11,19.6921,19.2656,18.6834
2649,1,1,0.725437,3.16667,1.56855,300.684,nan,nan,nan,7.72561e+11,19.6692,19.2502,18.6844
2650,1,1,0.63,2.125,1.46407,298.775,297.468,298.775,316.909,6.71922e+11,19.5034,19.0563,18.485
2651,1,1,0.492792,3,1.52901,274.333,nan,nan,nan,5.24708e+11,18.6875,18.2679,18.0159
2652,1,1,0.787369,3.54545,1.559,301.487,nan,nan,nan,7.95209e+11,19.6921,19.2656,18.6834
2653,1,1,0.787369,3.34783,1.53326,301.487,nan,nan,nan,7.82079e+11,19.6921,19.2656,18.6834
2654,1,1,0.725437,2.7037,1.49087,300.684,nan,nan,nan,7.34299e+11,19.6692,19.2502,18.6844
2655,1,1,0.348505,1.5,1.54152,279.489,nan,nan,nan,4.47011e+11,18.3691,17.9972,17.8309
2656,1,1,0.944711,2.44828,1.46811,336.851,nan,nan,nan,9.87693e+11,20.5495,20.1379,19.4386
2657,1,1,0.94,2.57143,1.47344,331.878,331.878,330.056,350.781,9.60981e+11,20.0909,19.6867,19.1069
2658,1,1,0.725437,2.57143,1.46354,300.684,nan,nan,nan,7.20841e+11,19.6692,19.2502,18.6844
2659,1,1,0.63,2.33333,1.51731,298.775,297.468,298.775,316.909,6.96355e+11,19.5034,19.0563,18.485
2660,1,1,0.65,3.54545,1.4693,279.414,279.414,277.385,290.285,5.97808e+11,19.8577,19.4613,18.9485
2661,1,1,0.348505,1.94118,1.6428,279.489,nan,nan,nan,4.76382e+11,18.3691,17.9972,17.8309
2662,1,1,0.725437,3.54545,1.61714,300.684,nan,nan,nan,7.96489e+11,19.6692,19.2502,18.6844
2663,1,1,0.944711,3,1.63421,336.851,nan,nan,nan,1.09944e+12,20.5495,20.1379,19.4386
2664,1,1,0.348505,1.85714,1.62729,279.489,nan,nan,nan,4.71884e+11,18.3691,17.9972,17.8309
2665,1,1,0.348505,2.22581,1.68651,279.489,nan,nan,nan,4.89057e+11,18.3691,17.9972,17.8309
2666,1,1,0.725437,3.34783,1.59314,300.684,nan,nan,nan,7.84671e+11,19.6692,19.2502,18.6844
2667,1,1,0.348505,1.94118,1.6428,279.489,nan,nan,nan,4.76382e+11,18.3691,17.9972,17.8309
2668,1,1,0.348505,1.7027,1.59471,279.489,nan,nan,nan,4.62436e+11,18.3691,17.9972,17.8309
2669,1,1,0.348505,1.7027,1.59471,279.489,nan,nan,nan,4.62436e+11,18.3691,17.9972,17.8309
2670,1,1,0.63,3,1.63774,298.775,297.468,298.775,316.909,7.51628e+11,19.5034,19.0563,18.485
2671,1,1,0.787369,3.7619,1.58414,301.487,nan,nan,nan,8.08033e+11,19.6921,19.2656,18.6834
2672,1,1,0.348505,1.94118,1.6428,279.489,nan,nan,nan,4.76382e+11,18.3691,17.9972,17.8309
2673,1,1,0.725437,3.7619,1.64057,300.684,nan,nan,nan,8.08031e+11,19.6692,19.2502,18.6844
2674,1,1,0.787369,4,1.60871,301.487,nan,nan,nan,8.20569e+11,19.6921,19.2656,18.6834
2675,1,1,0.787369,3.7619,1.58414,301.487,nan,nan,nan,8.08033e+11,19.6921,19.2656,18.6834
2676,1,1,0.725437,3.34783,1.59314,300.684,nan,nan,nan,7.84671e+11,19.6692,19.2502,18.6844
2677,1,1,0.348505,1.7027,1.59471,279.489,nan,nan,nan,4.62436e+11,18.3691,17.9972,17.8309
2678,1,1,0.348505,2.0303,1.65782,279.489,nan,nan,nan,4.80739e+11,18.3691,17.9972,17.8309
2679,1,1,0.94,3.34783,1.66639,331.878,331.878,330.056,350.781,1.08682e+12,20.0909,19.6867,19.1069
2680,1,1,0.944711,3.16667,1.67304,336.851,nan,nan,nan,1.12556e+12,20.5495,20.1379,19.4386
2681,1,1,0.944711,3,1.63421,336.851,nan,nan,nan,1.09944e+12,20.5495,20.1379,19.4386
2682,1,1,0.348505,2.0303,1.65782,279.489,nan,nan,nan,4.80739e+11,18.3691,17.9972,17.8309
2683,1,1,0.348505,1.94118,1.6428,279.489,nan,nan,nan,4.76382e+11,18.3691,17.9972,17.8309
2684,1,1,0.348505,2.0303,1.65782,279.489,nan,nan,nan,4.80739e+11,18.3691,17.9972,17.8309
2685,1,1,0.94,3.16667,1.62978,331.878,331.878,330.056,350.781,1.06295e+12,20.0909,19.6867,19.1069
2686,1,1,0.94,3,1.59224,331.878,331.878,330.056,350.781,1.03846e+12,20.0909,19.6867,19.1069
2687,1,1,0.94,3,1.59224,331.878,331.878,330.056,350.781,1.03846e+12,20.0909,19.6867,19.1069
2688,1,1,0.348505,1.94118,1.6428,279.489,nan,nan,nan,4.76382e+11,18.3691,17.9972,17.8309
2689,1,1,0.492792,4,1.60143,274.333,nan,nan,nan,5.49561e+11,18.6875,18.2679,18.0159
2690,1,1,0.787369,4,1.60871,301.487,nan,nan,nan,8.20569e+11,19.6921,19.2656,18.6834
2691,1,1,0.944711,3,1.63421,336.851,nan,nan,nan,1.09944e+12,20.5495,20.1379,19.4386
2692,1,1,0.94,3.34783,1.66639,331.878,331.878,330.056,350.781,1.08682e+12,20.0909,19.6867,19.1069
2693,1,1,0.94,3.34783,1.66639,331.878,331.878,330.056,350.781,1.08682e+12,20.0909,19.6867,19.1069
2694,1,1,0.725437,4,1.66348,300.684,nan,nan,nan,8.19315e+11,19.6692,19.2502,18.6844
2695,1,1,0.944711,3,1.63421,336.851,nan,nan,nan,1.09944e+12,20.5495,20.1379,19.4386
2696,1,1,0.63,3.16667,1.65994,298.775,297.468,298.775,316.909,7.61815e+11,19.5034,19.0563,18.485
2697,1,1,0.63,2.7037,1.59156,298.775,297.468,298.775,316.909,7.30432e+11,19.5034,19.0563,18.485
2698,1,1,0.348505,1.94118,1.6428,279.489,nan,nan,nan,4.76382e+11,18.3691,17.9972,17.8309
2699,1,1,0.348505,2.22581,1.68651,279.489,nan,nan,nan,4.89057e+11,18.3691,17.9972,17.8309
2700,1,1,0.348505,1.85714,1.62729,279.489,nan,nan,nan,4.71884e+11,18.3691,17.9972,17.8309
2701,1,1,0.63,3.16667,1.65994,298.775,297.468,298.775,316.909,7.61815e+11,19.5034,19.0563,18.485
2702,1,1,0.348505,2.0303,1.65782,279.489,nan,nan,nan,4.80739e+11,18.3691,17.9972,17.8309
2703,1,1,0.787369,3.7619,1.58414,301.487,nan,nan,nan,8.08033e+11,19.6921,19.2656,18.6834
2704,1,1,0.787369,4,1.60871,301.487,nan,nan,nan,8.20569e+11,19.6921,19.2656,18.6834
2705,1,1,0.787369,4,1.60871,301.487,nan,nan,nan,8.20569e+11,19.6921,19.2656,18.6834
2706,1,1,0.725437,4,1.66348,300.684,nan,nan,nan,8.19315e+11,19.6692,19.2502,18.6844
2707,1,1,0.348505,2.0303,1.65782,279.489,nan,nan,nan,4.80739e+11,18.3691,17.9972,17.8309
2708,1,1,0.94,3,1.59224,331.878,331.878,330.056,350.781,1.03846e+12,20.0909,19.6867,19.1069
2709,1,1,0.348505,1.7027,1.59471,279.489,nan,nan,nan,4.62436e+11,18.3691,17.9972,17.8309
2710,1,1,0.63,3.16667,1.65994,298.775,297.468,298.775,316.909,7.61815e+11,19.5034,19.0563,18.485
2711,1,1,0.944711,2.84615,1.59437,336.851,nan,nan,nan,1.07263e+12,20.5495,20.1379,19.4386
2712,1,1,0.348505,1.94118,1.6428,279.489,nan,nan,nan,4.76382e+11,18.3691,17.9972,17.8309
2713,1,1,0.94,3,1.59224,331.878,331.878,330.056,350.781,1.03846e+12,20.0909,19.6867,19.1069
2714,1,1,0.348505,1.94118,1.6428,279.489,nan,nan,nan,4.76382e+11,18.3691,17.9972,17.8309
2715,1,1,0.348505,1.94118,1.6428,279.489,nan,nan,nan,4.76382e+11,18.3691,17.9972,17.8309
2716,1,1,0.492792,4,1.60143,274.333,nan,nan,nan,5.49561e+11,18.6875,18.2679,18.0159
2717,1,1,0.348505,2.0303,1.65782,279.489,nan,nan,nan,4.80739e+11,18.3691,17.9972,17.8309
2718,1,1,0.63,3.16667,1.65994,298.775,297.468,298.775,316.909,7.61815e+11,19.5034,19.0563,18.485
2719,1,1,0.492792,4,1.60143,274.333,nan,nan,nan,5.49561e+11,18.6875,18.2679,18.0159
2720,1,1,0.63,2.7037,1.59156,298.775,297.468,298.775,316.909,7.30432e+11,19.5034,19.0563,18.485
2721,1,1,0.348505,2.125,1.67239,279.489,nan,nan,nan,4.84962e+11,18.3691,17.9972,17.8309
2722,1,1,0.787369,3.7619,1.58414,301.487,nan,nan,nan,8.08033e+11,19.6921,19.2656,18.6834
2723,1,1,0.787369,4,1.60871,301.487,nan,nan,nan,8.20569e+11,19.6921,19.2656,18.6834
2724,1,1,0.348505,2.22581,1.68651,279.489,nan,nan,nan,4.89057e+11,18.3691,17.9972,17.8309
2725,1,1,0.787369,4,1.60871,301.487,nan,nan,nan,8.20569e+11,19.6921,19.2656,18.6834
2726,1,1,0.63,2.84615,1.61496,298.775,297.468,298.775,316.909,7.41171e+11,19.5034,19.0563,18.485
2727,1,1,0.63,3.16667,1.65994,298.775,297.468,298.775,316.909,7.61815e+11,19.5034,19.0563,18.485
2728,1,1,0.348505,1.85714,1.62729,279.489,nan,nan,nan,4.71884e+11,18.3691,17.9972,17.8309
2729,1,1,0.63,3.34783,1.68159,298.775,297.468,298.775,316.909,7.71749e+11,19.5034,19.0563,18.485
2730,1,1,0.63,2.7037,1.59156,298.775,297.468,298.775,316.909,7.30432e+11,19.5034,19.0563,18.485
2731,1,1,0.944711,3,1.63421,336.851,nan,nan,nan,1.09944e+12,20.5495,20.1379,19.4386
2732,1,1,0.63,2.7037,1.59156,298.775,297.468,298.775,316.909,7.30432e+11,19.5034,19.0563,18.485
2733,1,1,0.94,3.34783,1.66639,331.878,331.878,330.056,350.781,1.08682e+12,20.0909,19.6867,19.1069
2734,1,1,0.944711,3.16667,1.67304,336.851,nan,nan,nan,1.12556e+12,20.5495,20.1379,19.4386
2735,1,1,0.787369,4,1.60871,301.487,nan,nan,nan,8.20569e+11,19.6921,19.2656,18.6834
2736,1,1,0.725437,4,1.66348,300.684,nan,nan,nan,8.19315e+11,19.6692,19.2502,18.6844
2737,1,1,0.348505,2.22581,1.68651,279.489,nan,nan,nan,4.89057e+11,18.3691,17.9972,17.8309
2738,1,1,0.492792,4,1.60143,274.333,nan,nan,nan,5.49561e+11,18.6875,18.2679,18.0159
2739,1,1,0.63,2.84615,1.61496,298.775,297.468,298.775,316.909,7.41171e+11,19.5034,19.0563,18.485
2740,1,1,0.348505,1.7027,1.59471,279.489,nan,nan,nan,4.62436e+11,18.3691,17.9972,17.8309
2741,1,1,0.725437,3.54545,1.61714,300.684,nan,nan,nan,7.96489e+11,19.6692,19.2502,18.6844
2742,1,1,0.348505,1.85714,1.62729,279.489,nan,nan,nan,4.71884e+11,18.3691,17.9972,17.8309
2743,1,1,0.63,3.16667,1.65994,298.775,297.468,298.775,316.909,7.61815e+11,19.5034,19.0563,18.485
2744,1,1,0.63,3.34783,1.68159,298.775,297.468,298.775,316.909,7.71749e+11,19.5034,19.0563,18.485
2745,1,1,0.348505,2.0303,1.65782,279.489,nan,nan,nan,4.80739e+11,18.3691,17.9972,17.8309
2746,1,1,0.63,2.84615,1.61496,298.775,297.468,298.775,316.909,7.41171e+11,19.5034,19.0563,18.485
2747,1,1,0.63,3,1.63774,298.775,297.468,298.775,316.909,7.51628e+11,19.5034,19.0563,18.485
2748,1,1,0.94,3.34783,1.66639,331.878,331.878,330.056,350.781,1.08682e+12,20.0909,19.6867,19.1069
2749,1,1,0.63,3,1.63774,298.775,297.468,298.775,316.909,7.51628e+11,19.5034,19.0563,18.485
2750,1,1,0.944711,3,1.63421,336.851,nan,nan,nan,1.09944e+12,20.5495,20.1379,19.4386
2751,1,1,0.944711,3,1.63421,336.851,nan,nan,nan,1.09944e+12,20.5495,20.1379,19.4386
2752,1,1,0.348505,1.7027,1.59471,279.489,nan,nan,nan,4.62436e+11,18.3691,17.9972,17.8309
2753,1,1,0.348505,1.77778,1.61127,279.489,nan,nan,nan,4.67238e+11,18.3691,17.9972,17.8309
2754,1,1,0.787369,4,1.60871,301.487,nan,nan,nan,8.20569e+11,19.6921,19.2656,18.6834
2755,1,1,0.63,2.7037,1.59156,298.775,297.468,298.775,316.909,7.30432e+11,19.5034,19.0563,18.485
2756,1,1,0.94,3,1.59224,331.878,331.878,330.056,350.781,1.03846e+12,20.0909,19.6867,19.1069
2757,1,1,0.944711,2.84615,1.59437,336.851,nan,nan,nan,1.07263e+12,20.5495,20.1379,19.4386
2758,1,1,0.348505,1.7027,1.59471,279.489,nan,nan,nan,4.62436e+11,18.3691,17.9972,17.8309
2759,1,1,0.348505,1.94118,1.6428,279.489,nan,nan,nan,4.76382e+11,18.3691,17.9972,17.8309
2760,1,1,0.787369,4,1.60871,301.487,nan,nan,nan,8.20569e+11,19.6921,19.2656,18.6834
2761,1,1,0.348505,2.0303,1.65782,279.489,nan,nan,nan,4.80739e+11,18.3691,17.9972,17.8309
2762,1,1,0.63,3.16667,1.65994,298.775,297.468,298.775,316.909,7.61815e+11,19.5034,19.0563,18.485
2763,1,1,0.348505,2.22581,1.68651,279.489,nan,nan,nan,4.89057e+11,18.3691,17.9972,17.8309
2764,1,1,0.944711,2.84615,1.59437,336.851,nan,nan,nan,1.07263e+12,20.5495,20.1379,19.4386
2765,1,1,0.492792,3.7619,1.58762,274.333,nan,nan,nan,5.44822e+11,18.6875,18.2679,18.0159
2766,1,1,0.348505,1.94118,1.6428,279.489,nan,nan,nan,4.76382e+11,18.3691,17.9972,17.8309
2767,1,1,0.94,3,1.59224,331.878,331.878,330.056,350.781,1.03846e+12,20.0909,19.6867,19.1069
2768,1,1,0.787369,3.7619,1.58414,301.487,nan,nan,nan,8.08033e+11,19.6921,19.2656,18.6834
2769,1,1,0.94,3,1.59224,331.878,331.878,330.056,350.781,1.03846e+12,20.0909,19.6867,19.1069
2770,1,1,0.725437,3.34783,1.59314,300.684,nan,nan,nan,7.84671e+11,19.6692,19.2502,18.6844
2771,1,1,0.787369,4,1.60871,301.487,nan,nan,nan,8.20569e+11,19.6921,19.2656,18.6834
2772,1,1,0.725437,3.54545,1.61714,300.684,nan,nan,nan,7.96489e+11,19.6692,19.2502,18.6844
2773,1,1,0.348505,1.94118,1.6428,279.489,nan,nan,nan,4.76382e+11,18.3691,17.9972,17.8309
2774,1,1,0.348505,1.7027,1.59471,279.489,nan,nan,nan,4.62436e+11,18.3691,17.9972,17.8309
2775,1,1,0.348505,1.94118,1.6428,279.489,nan,nan,nan,4.76382e+11,18.3691,17.9972,17.8309
2776,1,1,0.348505,2.125,1.67239,279.489,nan,nan,nan,4.84962e+11,18.3691,17.9972,17.8309
2777,1,1,0.787369,3.7619,1.58414,301.487,nan,nan,nan,8.08033e+11,19.6921,19.2656,18.6834
2778,1,1,0.63,3,1.63774,298.775,297.468,298.775,316.909,7.51628e+11,19.5034,19.0563,18.485
2779,1,1,0.94,3.16667,1.62978,331.878,331.878,330.056,350.781,1.06295e+12,20.0909,19.6867,19.1069
2780,1,1,0.492792,4,1.60143,274.333,nan,nan,nan,5.49561e+11,18.6875,18.2679,18.0159
2781,1,1,0.94,3.34783,1.66639,331.878,331.878,330.056,350.781,1.08682e+12,20.0909,19.6867,19.1069
2782,1,1,0.725437,3.54545,1.61714,300.684,nan,nan,nan,7.96489e+11,19.6692,19.2502,18.6844
2783,1,1,0.944711,3.16667,1.67304,336.851,nan,nan,nan,1.12556e+12,20.5495,20.1379,19.4386
2784,1,1,0.725437,3.54545,1.61714,300.684,nan,nan,nan,7.96489e+11,19.6692,19.2502,18.6844
2785,1,1,0.348505,2.125,1.67239,279.489,nan,nan,nan,4.84962e+11,18.3691,17.9972,17.8309
2786,1,1,0.94,3.16667,1.62978,331.878,331.878,330.056,350.781,1.06295e+12,20.0909,19.6867,19.1069
2787,1,1,0.348505,1.7027,1.59471,279.489,nan,nan,nan,4.62436e+11,18.3691,17.9972,17.8309
2788,1,1,0.725437,4,1.66348,300.684,nan,nan,nan,8.19315e+11,19.6692,19.2502,18.6844
2789,1,1,0.63,2.84615,1.61496,298.775,297.468,298.775,316.909,7.41171e+11,19.5034,19.0563,18.485
2790,1,1,0.348505,2.22581,1.68651,279.489,nan,nan,nan,4.89057e+11,18.3691,17.9972,17.8309
2791,1,1,0.94,3.34783,1.66639,331.878,331.878,330.056,350.781,1.08682e+12,20.0909,19.6867,19.1069
2792,1,1,0.944711,3.16667,1.67304,336.851,nan,nan,nan,1.12556e+12,20.5495,20.1379,19.4386
2793,1,1,0.63,3.16667,1.65994,298.775,297.468,298.775,316.909,7.61815e+11,19.5034,19.0563,18.485
2794,1,1,0.63,3.16667,1.65994,298.775,297.468,298.775,316.909,7.61815e+11,19.5034,19.0563,18.485
2795,1,1,0.348505,1.7027,1.59471,279.489,nan,nan,nan,4.62436e+11,18.3691,17.9972,17.8309
2796,1,1,0.348505,2.125,1.67239,279.489,nan,nan,nan,4.84962e+11,18.3691,17.9972,17.8309
2797,1,1,0.63,3,1.63774,298.775,297.468,298.775,316.909,7.51628e+11,19.5034,19.0563,18.485
2798,1,1,0.725437,3.7619,1.64057,300.684,nan,nan,nan,8.08031e+11,19.6692,19.2502,18.6844
2799,1,1,0.63,2.84615,1.61496,298.775,297.468,298.775,316.909,7.41171e+11,19.5034,19.0563,18.485
2800,1,1,0.63,3,1.63774,298.775,297.468,298.775,316.909,7.51628e+11,19.5034,19.0563,18.485
2801,1,1,0.94,3.16667,1.62978,331.878,331.878,330.056,350.781,1.06295e+12,20.0909,19.6867,19.1069
2802,1,1,0.63,3.34783,1.68159,298.775,297.468,298.775,316.909,7.71749e+11,19.5034,19.0563,18.485
2803,1,1,0.725437,4,1.66348,300.684,nan,nan,nan,8.19315e+11,19.6692,19.2502,18.6844
2804,1,1,0.725437,3.34783,1.59314,300.684,nan,nan,nan,7.84671e+11,19.6692,19.2502,18.6844
2805,1,1,0.725437,3.54545,1.61714,300.684,nan,nan,nan,7.96489e+11,19.6692,19.2502,18.6844
2806,1,1,0.944711,3,1.63421,336.851,nan,nan,nan,1.09944e+12,20.5495,20.1379,19.4386
2807,1,1,0.348505,1.94118,1.6428,279.489,nan,nan,nan,4.76382e+11,18.3691,17.9972,17.8309
2808,1,1,0.944711,2.84615,1.59437,336.851,nan,nan,nan,1.07263e+12,20.5495,20.1379,19.4386
2809,1,1,0.787369,3.7619,1.58414,301.487,nan,nan,nan,8.08033e+11,19.6921,19.2656,18.6834
2810,1,1,0.725437,3.34783,1.59314,300.684,nan,nan,nan,7.84671e+11,19.6692,19.2502,18.6844
2811,1,1,0.63,3,1.63774,298.775,297.468,298.775,316.909,7.51628e+11,19.5034,19.0563,18.485
2812,1,1,0.725437,4,1.66348,300.684,nan,nan,nan,8.19315e+11,19.6692,19.2502,18.6844
2813,1,1,0.725437,3.7619,1.64057,300.684,nan,nan,nan,8.08031e+11,19.6692,19.2502,18.6844
2814,1,1,0.94,3.34783,1.66639,331.878,331.878,330.056,350.781,1.08682e+12,20.0909,19.6867,19.1069
2815,1,1,0.725437,4,1.66348,300.684,nan,nan,nan,8.19315e+11,19.6692,19.2502,18.6844
2816,1,1,0.94,3.16667,1.62978,331.878,331.878,330.056,350.781,1.06295e+12,20.0909,19.6867,19.1069
2817,1,1,0.725437,3.7619,1.64057,300.684,nan,nan,nan,8.08031e+11,19.6692,19.2502,18.6844
2818,1,1,0.944711,3,1.63421,336.851,nan,nan,nan,1.09944e+12,20.5495,20.1379,19.4386
2819,1,1,0.787369,3.7619,1.58414,301.487,nan,nan,nan,8.08033e+11,19.6921,19.2656,18.6834
2820,1,1,0.94,3.16667,1.62978,331.878,331.878,330.056,350.781,1.06295e+12,20.0909,19.6867,19.1069
2821,1,1,0.492792,4,1.60143,274.333,nan,nan,nan,5.49561e+11,18.6875,18.2679,18.0159
2822,1,1,0.94,3,1.59224,331.878,331.878,330.056,350.781,1.03846e+12,20.0909,19.6867,19.1069
2823,1,1,0.348505,2.125,1.67239,279.489,nan,nan,nan,4.84962e+11,18.3691,17.9972,17.8309
2824,1,1,0.725437,3.54545,1.61714,300.684,nan,nan,nan,7.96489e+11,19.6692,19.2502,18.6844
2825,1,1,0.94,3,1.59224,331.878,331.878,330.056,350.781,1.03846e+12,20.0909,19.6867,19.1069
2826,1,1,0.725437,4,1.66348,300.684,nan,nan,nan,8.19315e+11,19.6692,19.2502,18.6844
2827,1,1,0.94,3,1.59224,331.878,331.878,330.056,350.781,1.03846e+12,20.0909,19.6867,19.1069
2828,1,1,0.348505,1.77778,1.61127,279.489,nan,nan,nan,4.67238e+11,18.3691,17.9972,17.8309
2829,1,1,0.725437,3.7619,1.64057,300.684,nan,nan,nan,8.08031e+11,19.6692,19.2502,18.6844
2830,1,1,0.944711,2.84615,1.59437,336.851,nan,nan,nan,1.07263e+12,20.5495,20.1379,19.4386
2831,1,1,0.94,3.16667,1.62978,331.878,331.878,330.056,350.781,1.06295e+12,20.0909,19.6867,19.1069
2832,1,1,0.725437,4,1.66348,300.684,nan,nan,nan,8.19315e+11,19.6692,19.2502,18.6844
2833,1,1,0.94,3.16667,1.62978,331.878,331.878,330.056,350.781,1.06295e+12,20.0909,19.6867,19.1069
2834,1,1,0.787369,3.7619,1.58414,301.487,nan,nan,nan,8.08033e+11,19.6921,19.2656,18.6834
2835,1,1,0.63,2.7037,1.59156,298.775,297.468,298.775,316.909,7.30432e+11,19.5034,19.0563,18.485
2836,1,1,0.63,3.16667,1.65994,298.775,297.468,298.775,316.909,7.61815e+11,19.5034,19.0563,18.485
2837,1,1,0.94,3.16667,1.62978,331.878,331.878,330.056,350.781,1.06295e+12,20.0909,19.6867,19.1069
2838,1,1,0.348505,1.85714,1.62729,279.489,nan,nan,nan,4.71884e+11,18.3691,17.9972,17.8309
2839,1,1,0.348505,2.22581,1.68651,279.489,nan,nan,nan,4.89057e+11,18.3691,17.9972,17.8309
2840,1,1,0.787369,4,1.60871,301.487,nan,nan,nan,8.20569e+11,19.6921,19.2656,18.6834
2841,1,1,0.63,2.84615,1.61496,298.775,297.468,298.775,316.909,7.41171e+11,19.5034,19.0563,18.485
2842,1,1,0.492792,3.7619,1.58762,274.333,nan,nan,nan,5.44822e+11,18.6875,18.2679,18.0159
2843,1,1,0.492792,3.7619,1.58762,274.333,nan,nan,nan,5.44822e+11,18.6875,18.2679,18.0159
2844,1,1,0.492792,4,1.60143,274.333,nan,nan,nan,5.49561e+11,18.6875,18.2679,18.0159
2845,1,1,0.492792,4,1.60143,274.333,nan,nan,nan,5.49561e+11,18.6875,18.2679,18.0159
2846,1,1,0.492792,3.7619,1.58762,274.333,nan,nan,nan,5.44822e+11,18.6875,18.2679,18.0159
2847,1,1,0.787369,3.7619,1.58414,301.487,nan,nan,nan,8.08033e+11,19.6921,19.2656,18.6834
2848,1,1,0.63,3,1.63774,298.775,297.468,298.775,316.909,7.51628e+11,19.5034,19.0563,18.485
2849,1,1,0.492792,3.7619,1.58762,274.333,nan,nan,nan,5.44822e+11,18.6875,18.2679,18.0159
2850,1,1,0.348505,1.77778,1.61127,279.489,nan,nan,nan,4.67238e+11,18.3691,17.9972,17.8309
2851,1,1,0.63,3.16667,1.65994,298.775,297.468,298.775,316.909,7.61815e+11,19.5034,19.0563,18.485
2852,1,1,0.348505,2.125,1.67239,279.489,nan,nan,nan,4.84962e+11,18.3691,17.9972,17.8309
2853,1,1,0.348505,2.125,1.67239,279.489,nan,nan,nan,4.84962e+11,18.3691,17.9972,17.8309
2854,1,1,0.348505,1.7027,1.59471,279.489,nan,nan,nan,4.62436e+11,18.3691,17.9972,17.8309
2855,1,1,0.348505,2.22581,1.68651,279.489,nan,nan,nan,4.89057e+11,18.3691,17.9972,17.8309
2856,1,1,0.348505,2.0303,1.65782,279.489,nan,nan,nan,4.80739e+11,18.3691,17.9972,17.8309
2857,1,1,0.725437,3.34783,1.59314,300.684,nan,nan,nan,7.84671e+11,19.6692,19.2502,18.6844
2858,1,1,0.63,3.34783,1.68159,298.775,297.468,298.775,316.909,7.71749e+11,19.5034,19.0563,18.485
2859,1,1,0.63,3.34783,1.68159,298.775,297.468,298.775,316.909,7.71749e+11,19.5034,19.0563,18.485
2860,1,1,0.94,3.16667,1.62978,331.878,331.878,330.056,350.781,1.06295e+12,20.0909,19.6867,19.1069
2861,1,1,0.94,3.34783,1.66639,331.878,331.878,330.056,350.781,1.08682e+12,20.0909,19.6867,19.1069
2862,1,1,0.94,3.16667,1.62978,331.878,331.878,330.056,350.781,1.06295e+12,20.0909,19.6867,19.1069
2863,1,1,0.492792,3.7619,1.58762,274.333,nan,nan,nan,5.44822e+11,18.6875,18.2679,18.0159
2864,1,1,0.348505,1.7027,1.59471,279.489,nan,nan,nan,4.62436e+11,18.3691,17.9972,17.8309
2865,1,1,0.787369,3.7619,1.58414,301.487,nan,nan,nan,8.08033e+11,19.6921,19.2656,18.6834
2866,1,1,0.63,2.7037,1.59156,298.775,297.468,298.775,316.909,7.30432e+11,19.5034,19.0563,18.485
2867,1,1,0.725437,3.34783,1.59314,300.684,nan,nan,nan,7.84671e+11,19.6692,19.2502,18.6844
2868,1,1,0.492792,3.7619,1.58762,274.333,nan,nan,nan,5.44822e+11,18.6875,18.2679,18.0159
2869,1,1,0.63,3,1.63774,298.775,297.468,298.775,316.909,7.51628e+11,19.5034,19.0563,18.485
2870,1,1,0.787369,3.7619,1.58414,301.487,nan,nan,nan,8.08033e+11,19.6921,19.2656,18.6834
2871,1,1,0.63,2.84615,1.61496,298.775,297.468,298.775,316.909,7.41171e+11,19.5034,19.0563,18.485
2872,1,1,0.725437,3.54545,1.61714,300.684,nan,nan,nan,7.96489e+11,19.6692,19.2502,18.6844
2873,1,1,0.944711,3.16667,1.67304,336.851,nan,nan,nan,1.12556e+12,20.5495,20.1379,19.4386
2874,1,1,0.348505,2.125,1.67239,279.489,nan,nan,nan,4.84962e+11,18.3691,17.9972,17.8309
2875,1,1,0.944711,2.84615,1.59437,336.851,nan,nan,nan,1.07263e+12,20.5495,20.1379,19.4386
2876,1,1,0.492792,4,1.60143,274.333,nan,nan,nan,5.49561e+11,18.6875,18.2679,18.0159
2877,1,1,0.63,3.34783,1.68159,298.775,297.468,298.775,316.909,7.71749e+11,19.5034,19.0563,18.485
2878,1,1,0.944711,2.84615,1.59437,336.851,nan,nan,nan,1.07263e+12,20.5495,20.1379,19.4386
2879,1,1,0.94,3.16667,1.62978,331.878,331.878,330.056,350.781,1.06295e+12,20.0909,19.6867,19.1069
2880,1,1,0.63,3,1.63774,298.775,297.468,298.775,316.909,7.51628e+11,19.5034,19.0563,18.485
2881,1,1,0.94,3.16667,1.62978,331.878,331.878,330.056,350.781,1.06295e+12,20.0909,19.6867,19.1069
2882,1,1,0.63,3,1.63774,298.775,297.468,298.775,316.909,7.51628e+11,19.5034,19.0563,18.485
2883,1,1,0.94,3,1.59224,331.878,331.878,330.056,350.781,1.03846e+12,20.0909,19.6867,19.1069
2884,1,1,0.348505,2.22581,1.68651,279.489,nan,nan,nan,4.89057e+11,18.3691,17.9972,17.8309
2885,1,1,0.94,3.16667,1.62978,331.878,331.878,330.056,350.781,1.06295e+12,20.0909,19.6867,19.1069
2886,1,1,0.63,2.84615,1.61496,298.775,297.468,298.775,316.909,7.41171e+11,19.5034,19.0563,18.485
2887,1,1,0.787369,3.7619,1.58414,301.487,nan,nan,nan,8.08033e+11,19.6921,19.2656,18.6834
2888,1,1,0.348505,1.77778,1.61127,279.489,nan,nan,nan,4.67238e+11,18.3691,17.9972,17.8309
2889,1,1,0.348505,1.7027,1.59471,279.489,nan,nan,nan,4.62436e+11,18.3691,17.9972,17.8309
2890,1,1,0.94,3.34783,1.66639,331.878,331.878,330.056,350.781,1.08682e+12,20.0909,19.6867,19.1069
2891,1,1,0.944711,3.16667,1.67304,336.851,nan,nan,nan,1.12556e+12,20.5495,20.1379,19.4386
2892,1,1,0.725437,3.54545,1.61714,300.684,nan,nan,nan,7.96489e+11,19.6692,19.2502,18.6844
2893,1,1,0.63,2.7037,1.59156,298.775,297.468,298.775,316.909,7.30432e+11,19.5034,19.0563,18.485
2894,1,1,0.63,3.16667,1.65994,298.775,297.468,298.775,316.909,7.61815e+11,19.5034,19.0563,18.485
2895,1,1,0.725437,3.54545,1.61714,300.684,nan,nan,nan,7.96489e+11,19.6692,19.2502,18.6844
2896,1,1,0.725437,3.7619,1.64057,300.684,nan,nan,nan,8.08031e+11,19.6692,19.2502,18.6844
2897,1,1,0.348505,2.0303,1.65782,279.489,nan,nan,nan,4.80739e+11,18.3691,17.9972,17.8309
2898,1,1,0.94,3.16667,1.62978,331.878,331.878,330.056,350.781,1.06295e+12,20.0909,19.6867,19.1069
2899,1,1,0.348505,1.77778,1.61127,279.489,nan,nan,nan,4.67238e+11,18.3691,17.9972,17.8309
2900,1,1,0.63,3.16667,1.65994,298.775,297.468,298.775,316.909,7.61815e+11,19.5034,19.0563,18.485
2901,1,1,0.94,3.34783,1.66639,331.878,331.878,330.056,350.781,1.08682e+12,20.0909,19.6867,19.1069
2902,1,1,0.348505,2.125,1.67239,279.489,nan,nan,nan,4.84962e+11,18.3691,17.9972,17.8309
2903,1,1,0.348505,1.94118,1.6428,279.489,nan,nan,nan,4.76382e+11,18.3691,17.9972,17.8309
2904,1,1,0.944711,2.84615,1.59437,336.851,nan,nan,nan,1.07263e+12,20.5495,20.1379,19.4386
2905,1,1,0.348505,1.7027,1.59471,279.489,nan,nan,nan,4.62436e+11,18.3691,17.9972,17.8309
2906,1,1,0.787369,4,1.60871,301.487,nan,nan,nan,8.20569e+11,19.6921,19.2656,18.6834
2907,1,1,0.348505,1.77778,1.61127,279.489,nan,nan,nan,4.67238e+11,18.3691,17.9972,17.8309
2908,1,1,0.63,3,1.63774,298.775,297.468,298.775,316.909,7.51628e+11,19.5034,19.0563,18.485
2909,1,1,0.725437,3.54545,1.61714,300.684,nan,nan,nan,7.96489e+11,19.6692,19.2502,18.6844
2910,1,1,0.787369,3.7619,1.58414,301.487,nan,nan,nan,8.08033e+11,19.6921,19.2656,18.6834
